[2026-03-13 14:05:38] --- Ciclo 02:05 PM | Régimen: CHOP (LOW) | Pos: 0 | Equity: $4,911.53 | DD: -2.0% ---
[2026-03-13 14:21:45]   Régimen CHOP → CASH (no operar)
[2026-03-13 14:28:53] --- Ciclo 02:28 PM | Régimen: CHOP (LOW) | Pos: 0 | Equity: $4,911.53 | DD: -2.0% ---
[2026-03-13 14:29:08]   Régimen CHOP → CASH (no operar)
[2026-03-13 14:30:15] --- Ciclo 02:30 PM | Régimen: CHOP (LOW) | Pos: 0 | Equity: $4,911.53 | DD: -2.0% ---
[2026-03-13 14:30:45]   Régimen CHOP → CASH (no operar)
[2026-03-13 14:31:52] --- Ciclo 02:31 PM | Régimen: CHOP (LOW) | Pos: 0 | Equity: $4,911.53 | DD: -2.0% ---
[2026-03-13 14:32:22]   Régimen CHOP → CASH (no operar)
[2026-03-13 14:33:29] --- Ciclo 02:33 PM | Régimen: CHOP (LOW) | Pos: 0 | Equity: $4,911.53 | DD: -2.0% ---
[2026-03-13 14:34:00]   Régimen CHOP → CASH (no operar)
[2026-03-13 14:35:07] --- Ciclo 02:35 PM | Régimen: CHOP (LOW) | Pos: 0 | Equity: $4,911.53 | DD: -2.0% ---
[2026-03-13 14:35:37]   Régimen CHOP → CASH (no operar)
[2026-03-13 14:36:44] --- Ciclo 02:36 PM | Régimen: CHOP (LOW) | Pos: 0 | Equity: $4,911.53 | DD: -2.0% ---
[2026-03-13 14:37:15]   Régimen CHOP → CASH (no operar)
[2026-03-13 14:38:21] --- Ciclo 02:38 PM | Régimen: CHOP (LOW) | Pos: 0 | Equity: $4,911.53 | DD: -2.0% ---
[2026-03-13 14:38:51]   Régimen CHOP → CASH (no operar)
[2026-03-13 14:39:58] --- Ciclo 02:39 PM | Régimen: CHOP (LOW) | Pos: 0 | Equity: $4,911.53 | DD: -2.0% ---
[2026-03-13 14:40:30]   Régimen CHOP → CASH (no operar)
[2026-03-13 14:41:37] --- Ciclo 02:41 PM | Régimen: CHOP (LOW) | Pos: 0 | Equity: $4,911.53 | DD: -2.0% ---
[2026-03-13 14:42:08]   Régimen CHOP → CASH (no operar)
[2026-03-13 14:43:14] --- Ciclo 02:43 PM | Régimen: CHOP (LOW) | Pos: 0 | Equity: $4,911.53 | DD: -2.0% ---
[2026-03-13 14:43:45]   Régimen CHOP → CASH (no operar)
[2026-03-13 14:44:52] --- Ciclo 02:44 PM | Régimen: CHOP (LOW) | Pos: 0 | Equity: $4,911.53 | DD: -2.0% ---
[2026-03-13 14:45:24]   Régimen CHOP → CASH (no operar)
[2026-03-13 14:46:31] --- Ciclo 02:46 PM | Régimen: CHOP (LOW) | Pos: 0 | Equity: $4,911.53 | DD: -2.0% ---
[2026-03-13 14:47:02]   Régimen CHOP → CASH (no operar)
[2026-03-13 14:48:10] --- Ciclo 02:48 PM | Régimen: CHOP (LOW) | Pos: 0 | Equity: $4,911.53 | DD: -2.0% ---
[2026-03-13 14:48:40]   Régimen CHOP → CASH (no operar)
[2026-03-13 14:49:47] --- Ciclo 02:49 PM | Régimen: CHOP (LOW) | Pos: 0 | Equity: $4,911.53 | DD: -2.0% ---
[2026-03-13 14:50:19]   Régimen CHOP → CASH (no operar)
[2026-03-13 14:51:26] --- Ciclo 02:51 PM | Régimen: CHOP (LOW) | Pos: 0 | Equity: $4,911.53 | DD: -2.0% ---
[2026-03-13 14:51:56]   Régimen CHOP → CASH (no operar)
[2026-03-13 14:53:03] --- Ciclo 02:53 PM | Régimen: CHOP (LOW) | Pos: 0 | Equity: $4,911.53 | DD: -2.0% ---
[2026-03-13 14:53:33]   Régimen CHOP → CASH (no operar)
[2026-03-13 14:54:41] --- Ciclo 02:54 PM | Régimen: CHOP (LOW) | Pos: 0 | Equity: $4,911.53 | DD: -2.0% ---
[2026-03-13 14:55:11]   Régimen CHOP → CASH (no operar)
[2026-03-13 14:56:19] --- Ciclo 02:56 PM | Régimen: CHOP (LOW) | Pos: 0 | Equity: $4,911.53 | DD: -2.0% ---
[2026-03-13 14:56:49]   Régimen CHOP → CASH (no operar)
[2026-03-13 14:57:57] --- Ciclo 02:57 PM | Régimen: CHOP (LOW) | Pos: 0 | Equity: $4,911.53 | DD: -2.0% ---
[2026-03-13 14:58:32]   Régimen CHOP → CASH (no operar)
[2026-03-13 14:59:42] --- Ciclo 02:59 PM | Régimen: CHOP (LOW) | Pos: 0 | Equity: $4,911.53 | DD: -2.0% ---
[2026-03-13 15:00:18]   Régimen CHOP → CASH (no operar)
[2026-03-13 15:01:27] --- Ciclo 03:01 PM | Régimen: CHOP (LOW) | Pos: 0 | Equity: $4,911.53 | DD: -2.0% ---
[2026-03-13 15:02:02]   Régimen CHOP → CASH (no operar)
[2026-03-13 15:03:12] --- Ciclo 03:03 PM | Régimen: CHOP (LOW) | Pos: 0 | Equity: $4,911.53 | DD: -2.0% ---
[2026-03-13 15:03:47]   Régimen CHOP → CASH (no operar)
[2026-03-13 15:04:56] --- Ciclo 03:04 PM | Régimen: CHOP (LOW) | Pos: 0 | Equity: $4,911.53 | DD: -2.0% ---
[2026-03-13 15:05:32]   Régimen CHOP → CASH (no operar)
[2026-03-13 15:06:41] --- Ciclo 03:06 PM | Régimen: CHOP (LOW) | Pos: 0 | Equity: $4,911.53 | DD: -2.0% ---
[2026-03-13 15:07:16]   Régimen CHOP → CASH (no operar)
[2026-03-13 15:08:25] --- Ciclo 03:08 PM | Régimen: CHOP (LOW) | Pos: 0 | Equity: $4,911.53 | DD: -2.0% ---
[2026-03-13 15:09:01]   Régimen CHOP → CASH (no operar)
[2026-03-13 15:10:10] --- Ciclo 03:10 PM | Régimen: CHOP (LOW) | Pos: 0 | Equity: $4,911.53 | DD: -2.0% ---
[2026-03-13 15:10:46]   Régimen CHOP → CASH (no operar)
[2026-03-13 15:11:56] --- Ciclo 03:11 PM | Régimen: CHOP (LOW) | Pos: 0 | Equity: $4,911.53 | DD: -2.0% ---
[2026-03-13 15:12:32]   Régimen CHOP → CASH (no operar)
[2026-03-13 15:13:41] --- Ciclo 03:13 PM | Régimen: CHOP (LOW) | Pos: 0 | Equity: $4,911.53 | DD: -2.0% ---
[2026-03-13 15:14:17]   Régimen CHOP → CASH (no operar)
[2026-03-13 15:15:26] --- Ciclo 03:15 PM | Régimen: CHOP (LOW) | Pos: 0 | Equity: $4,911.53 | DD: -2.0% ---
[2026-03-13 15:16:02]   Régimen CHOP → CASH (no operar)
[2026-03-13 15:17:11] --- Ciclo 03:17 PM | Régimen: CHOP (LOW) | Pos: 0 | Equity: $4,911.53 | DD: -2.0% ---
[2026-03-13 15:17:46]   Régimen CHOP → CASH (no operar)
[2026-03-13 15:18:56] --- Ciclo 03:18 PM | Régimen: CHOP (LOW) | Pos: 0 | Equity: $4,911.53 | DD: -2.0% ---
[2026-03-13 15:19:32]   Régimen CHOP → CASH (no operar)
[2026-03-13 15:20:42] --- Ciclo 03:20 PM | Régimen: CHOP (LOW) | Pos: 0 | Equity: $4,911.53 | DD: -2.0% ---
[2026-03-13 15:21:18]   Régimen CHOP → CASH (no operar)
[2026-03-13 15:22:27] --- Ciclo 03:22 PM | Régimen: CHOP (LOW) | Pos: 0 | Equity: $4,911.53 | DD: -2.0% ---
[2026-03-13 15:23:04]   Régimen CHOP → CASH (no operar)
[2026-03-13 15:33:38] --- Ciclo 03:33 PM | Régimen: CHOP (LOW) | Pos: 0 | Equity: $4,911.53 | DD: -2.0% ---
[2026-03-13 15:34:09]   Régimen CHOP → CASH (no operar)
[2026-03-13 15:35:16] --- Ciclo 03:35 PM | Régimen: CHOP (LOW) | Pos: 0 | Equity: $4,911.53 | DD: -2.0% ---
[2026-03-13 15:35:50]   Régimen CHOP → CASH (no operar)
[2026-03-13 15:36:57] --- Ciclo 03:36 PM | Régimen: CHOP (LOW) | Pos: 0 | Equity: $4,911.53 | DD: -2.0% ---
[2026-03-13 15:37:29]   Régimen CHOP → CASH (no operar)
[2026-03-13 15:38:36] --- Ciclo 03:38 PM | Régimen: CHOP (LOW) | Pos: 0 | Equity: $4,911.53 | DD: -2.0% ---
[2026-03-13 15:39:06]   Régimen CHOP → CASH (no operar)
[2026-03-13 15:40:13] --- Ciclo 03:40 PM | Régimen: CHOP (LOW) | Pos: 0 | Equity: $4,911.53 | DD: -2.0% ---
[2026-03-13 15:40:45]   Régimen CHOP → CASH (no operar)
[2026-03-13 15:41:52] --- Ciclo 03:41 PM | Régimen: CHOP (LOW) | Pos: 0 | Equity: $4,911.53 | DD: -2.0% ---
[2026-03-13 15:42:23]   Régimen CHOP → CASH (no operar)
[2026-03-13 15:43:31] --- Ciclo 03:43 PM | Régimen: CHOP (LOW) | Pos: 0 | Equity: $4,911.53 | DD: -2.0% ---
[2026-03-13 15:44:03]   Régimen CHOP → CASH (no operar)
[2026-03-13 15:45:11] --- Ciclo 03:45 PM | Régimen: CHOP (LOW) | Pos: 0 | Equity: $4,911.53 | DD: -2.0% ---
[2026-03-13 15:45:47]   Régimen CHOP → CASH (no operar)
[2026-03-13 15:46:57] --- Ciclo 03:46 PM | Régimen: CHOP (LOW) | Pos: 0 | Equity: $4,911.53 | DD: -2.0% ---
[2026-03-13 15:47:34]   Régimen CHOP → CASH (no operar)
[2026-03-13 15:48:44] --- Ciclo 03:48 PM | Régimen: CHOP (LOW) | Pos: 0 | Equity: $4,911.53 | DD: -2.0% ---
[2026-03-13 15:49:21]   Régimen CHOP → CASH (no operar)
[2026-03-13 15:50:31] --- Ciclo 03:50 PM | Régimen: CHOP (LOW) | Pos: 0 | Equity: $4,911.53 | DD: -2.0% ---
[2026-03-13 15:51:09]   Régimen CHOP → CASH (no operar)
[2026-03-13 15:52:19] --- Ciclo 03:52 PM | Régimen: CHOP (LOW) | Pos: 0 | Equity: $4,911.53 | DD: -2.0% ---
[2026-03-13 15:52:57]   Régimen CHOP → CASH (no operar)
[2026-03-13 15:54:07] --- Ciclo 03:54 PM | Régimen: CHOP (LOW) | Pos: 0 | Equity: $4,911.53 | DD: -2.0% ---
[2026-03-13 15:54:44]   Régimen CHOP → CASH (no operar)
[2026-03-13 15:55:53] --- Ciclo 03:55 PM | Régimen: CHOP (LOW) | Pos: 0 | Equity: $4,911.53 | DD: -2.0% ---
[2026-03-13 15:56:31]   Régimen CHOP → CASH (no operar)
[2026-03-13 15:57:40] --- Ciclo 03:57 PM | Régimen: CHOP (LOW) | Pos: 0 | Equity: $4,911.53 | DD: -2.0% ---
[2026-03-13 15:58:15]   Régimen CHOP → CASH (no operar)
[2026-03-13 15:59:23] --- Ciclo 03:59 PM | Régimen: CHOP (LOW) | Pos: 0 | Equity: $4,911.53 | DD: -2.0% ---
[2026-03-13 15:59:55]   Régimen CHOP → CASH (no operar)
[2026-03-13 16:01:01] --- Ciclo 04:01 PM | Régimen: CHOP (LOW) | Pos: 0 | Equity: $4,911.53 | DD: -2.0% ---
[2026-03-13 16:01:32]   Régimen CHOP → CASH (no operar)
[2026-03-13 16:02:40] --- Ciclo 04:02 PM | Régimen: CHOP (LOW) | Pos: 0 | Equity: $4,911.53 | DD: -2.0% ---
[2026-03-13 16:03:09]   Régimen CHOP → CASH (no operar)
[2026-03-13 16:04:16] --- Ciclo 04:04 PM | Régimen: CHOP (LOW) | Pos: 0 | Equity: $4,911.53 | DD: -2.0% ---
[2026-03-13 16:04:46]   Régimen CHOP → CASH (no operar)
[2026-03-13 16:05:53] --- Ciclo 04:05 PM | Régimen: CHOP (LOW) | Pos: 0 | Equity: $4,911.53 | DD: -2.0% ---
[2026-03-13 16:06:25]   Régimen CHOP → CASH (no operar)
[2026-03-13 16:07:31] --- Ciclo 04:07 PM | Régimen: CHOP (LOW) | Pos: 0 | Equity: $4,911.53 | DD: -2.0% ---
[2026-03-13 16:08:02]   Régimen CHOP → CASH (no operar)
[2026-03-13 16:09:08] --- Ciclo 04:09 PM | Régimen: CHOP (LOW) | Pos: 0 | Equity: $4,911.53 | DD: -2.0% ---
[2026-03-13 16:09:41]   Régimen CHOP → CASH (no operar)
[2026-03-13 16:10:48] --- Ciclo 04:10 PM | Régimen: CHOP (LOW) | Pos: 0 | Equity: $4,911.53 | DD: -2.0% ---
[2026-03-13 16:11:19]   Régimen CHOP → CASH (no operar)
[2026-03-13 16:12:27] --- Ciclo 04:12 PM | Régimen: CHOP (LOW) | Pos: 0 | Equity: $4,911.53 | DD: -2.0% ---
[2026-03-13 16:12:58]   Régimen CHOP → CASH (no operar)
[2026-03-13 16:14:05] --- Ciclo 04:14 PM | Régimen: CHOP (LOW) | Pos: 0 | Equity: $4,911.53 | DD: -2.0% ---
[2026-03-13 16:14:37]   Régimen CHOP → CASH (no operar)
[2026-03-13 16:15:44] --- Ciclo 04:15 PM | Régimen: CHOP (LOW) | Pos: 0 | Equity: $4,911.53 | DD: -2.0% ---
[2026-03-13 16:16:16]   Régimen CHOP → CASH (no operar)
[2026-03-13 16:17:23] --- Ciclo 04:17 PM | Régimen: CHOP (LOW) | Pos: 0 | Equity: $4,911.53 | DD: -2.0% ---
[2026-03-13 16:17:55]   Régimen CHOP → CASH (no operar)
[2026-03-13 16:19:02] --- Ciclo 04:19 PM | Régimen: CHOP (LOW) | Pos: 0 | Equity: $4,911.53 | DD: -2.0% ---
[2026-03-13 16:19:42]   Régimen CHOP → CASH (no operar)
[2026-03-13 16:20:49] --- Ciclo 04:20 PM | Régimen: CHOP (LOW) | Pos: 0 | Equity: $4,911.53 | DD: -2.0% ---
[2026-03-13 16:21:21]   Régimen CHOP → CASH (no operar)
[2026-03-13 16:22:28] --- Ciclo 04:22 PM | Régimen: CHOP (LOW) | Pos: 0 | Equity: $4,911.53 | DD: -2.0% ---
[2026-03-13 16:22:58]   Régimen CHOP → CASH (no operar)
[2026-03-13 16:24:05] --- Ciclo 04:24 PM | Régimen: CHOP (LOW) | Pos: 0 | Equity: $4,911.53 | DD: -2.0% ---
[2026-03-13 16:24:37]   Régimen CHOP → CASH (no operar)
[2026-03-13 16:25:43] --- Ciclo 04:25 PM | Régimen: CHOP (LOW) | Pos: 0 | Equity: $4,911.53 | DD: -2.0% ---
[2026-03-13 16:26:16]   Régimen CHOP → CASH (no operar)
[2026-03-13 16:27:22] --- Ciclo 04:27 PM | Régimen: CHOP (LOW) | Pos: 0 | Equity: $4,911.53 | DD: -2.0% ---
[2026-03-13 16:27:53]   Régimen CHOP → CASH (no operar)
[2026-03-13 16:29:00] --- Ciclo 04:29 PM | Régimen: CHOP (LOW) | Pos: 0 | Equity: $4,911.53 | DD: -2.0% ---
[2026-03-13 16:29:31]   Régimen CHOP → CASH (no operar)
[2026-03-13 16:30:37] --- Ciclo 04:30 PM | Régimen: CHOP (LOW) | Pos: 0 | Equity: $4,911.53 | DD: -2.0% ---
[2026-03-13 16:31:08]   Régimen CHOP → CASH (no operar)
[2026-03-13 16:32:14] --- Ciclo 04:32 PM | Régimen: CHOP (LOW) | Pos: 0 | Equity: $4,911.53 | DD: -2.0% ---
[2026-03-13 16:32:44]   Régimen CHOP → CASH (no operar)
[2026-03-13 16:33:51] --- Ciclo 04:33 PM | Régimen: CHOP (LOW) | Pos: 0 | Equity: $4,911.53 | DD: -2.0% ---
[2026-03-13 16:34:21]   Régimen CHOP → CASH (no operar)
[2026-03-13 16:35:27] --- Ciclo 04:35 PM | Régimen: CHOP (LOW) | Pos: 0 | Equity: $4,911.53 | DD: -2.0% ---
[2026-03-13 16:35:57]   Régimen CHOP → CASH (no operar)
[2026-03-13 16:37:03] --- Ciclo 04:37 PM | Régimen: CHOP (LOW) | Pos: 0 | Equity: $4,911.53 | DD: -2.0% ---
[2026-03-13 16:37:35]   Régimen CHOP → CASH (no operar)
[2026-03-13 16:38:41] --- Ciclo 04:38 PM | Régimen: CHOP (LOW) | Pos: 0 | Equity: $4,911.53 | DD: -2.0% ---
[2026-03-13 16:39:10]   Régimen CHOP → CASH (no operar)
[2026-03-13 16:40:17] --- Ciclo 04:40 PM | Régimen: CHOP (LOW) | Pos: 0 | Equity: $4,911.53 | DD: -2.0% ---
[2026-03-13 16:40:48]   Régimen CHOP → CASH (no operar)
[2026-03-13 16:41:54] --- Ciclo 04:41 PM | Régimen: CHOP (LOW) | Pos: 0 | Equity: $4,911.53 | DD: -2.0% ---
[2026-03-13 16:42:24]   Régimen CHOP → CASH (no operar)
[2026-03-13 16:43:30] --- Ciclo 04:43 PM | Régimen: CHOP (LOW) | Pos: 0 | Equity: $4,911.53 | DD: -2.0% ---
[2026-03-13 16:44:01]   Régimen CHOP → CASH (no operar)
[2026-03-13 16:45:07] --- Ciclo 04:45 PM | Régimen: CHOP (LOW) | Pos: 0 | Equity: $4,911.53 | DD: -2.0% ---
[2026-03-13 16:45:39]   Régimen CHOP → CASH (no operar)
[2026-03-13 16:46:44] --- Ciclo 04:46 PM | Régimen: CHOP (LOW) | Pos: 0 | Equity: $4,911.53 | DD: -2.0% ---
[2026-03-13 16:47:15]   Régimen CHOP → CASH (no operar)
[2026-03-13 16:48:21] --- Ciclo 04:48 PM | Régimen: CHOP (LOW) | Pos: 0 | Equity: $4,911.53 | DD: -2.0% ---
[2026-03-13 16:48:53]   Régimen CHOP → CASH (no operar)
[2026-03-13 16:49:59] --- Ciclo 04:49 PM | Régimen: CHOP (LOW) | Pos: 0 | Equity: $4,911.53 | DD: -2.0% ---
[2026-03-13 16:50:32]   Régimen CHOP → CASH (no operar)
[2026-03-13 16:51:39] --- Ciclo 04:51 PM | Régimen: CHOP (LOW) | Pos: 0 | Equity: $4,911.53 | DD: -2.0% ---
[2026-03-13 16:52:08]   Régimen CHOP → CASH (no operar)
[2026-03-13 16:53:16] --- Ciclo 04:53 PM | Régimen: CHOP (LOW) | Pos: 0 | Equity: $4,911.53 | DD: -2.0% ---
[2026-03-13 16:53:46]   Régimen CHOP → CASH (no operar)
[2026-03-13 16:54:52] --- Ciclo 04:54 PM | Régimen: CHOP (LOW) | Pos: 0 | Equity: $4,911.53 | DD: -2.0% ---
[2026-03-13 16:55:24]   Régimen CHOP → CASH (no operar)
[2026-03-13 16:56:30] --- Ciclo 04:56 PM | Régimen: CHOP (LOW) | Pos: 0 | Equity: $4,911.53 | DD: -2.0% ---
[2026-03-13 16:56:59]   Régimen CHOP → CASH (no operar)
[2026-03-13 16:58:05] --- Ciclo 04:58 PM | Régimen: CHOP (LOW) | Pos: 0 | Equity: $4,911.53 | DD: -2.0% ---
[2026-03-13 16:58:42]   Régimen CHOP → CASH (no operar)
[2026-03-13 16:59:49] --- Ciclo 04:59 PM | Régimen: CHOP (LOW) | Pos: 0 | Equity: $4,911.53 | DD: -2.0% ---
[2026-03-13 17:00:25]   Régimen CHOP → CASH (no operar)
[2026-03-13 17:01:33] --- Ciclo 05:01 PM | Régimen: CHOP (LOW) | Pos: 0 | Equity: $4,911.53 | DD: -2.0% ---
[2026-03-13 17:02:07]   Régimen CHOP → CASH (no operar)
[2026-03-13 17:03:15] --- Ciclo 05:03 PM | Régimen: CHOP (LOW) | Pos: 0 | Equity: $4,911.53 | DD: -2.0% ---
[2026-03-13 17:03:48]   Régimen CHOP → CASH (no operar)
[2026-03-13 17:04:56] --- Ciclo 05:04 PM | Régimen: CHOP (LOW) | Pos: 0 | Equity: $4,911.53 | DD: -2.0% ---
[2026-03-13 17:05:30]   Régimen CHOP → CASH (no operar)
[2026-03-13 17:06:37] --- Ciclo 05:06 PM | Régimen: CHOP (LOW) | Pos: 0 | Equity: $4,911.53 | DD: -2.0% ---
[2026-03-13 17:07:11]   Régimen CHOP → CASH (no operar)
[2026-03-13 17:08:18] --- Ciclo 05:08 PM | Régimen: CHOP (LOW) | Pos: 0 | Equity: $4,911.53 | DD: -2.0% ---
[2026-03-13 17:08:53]   Régimen CHOP → CASH (no operar)
[2026-03-13 17:10:00] --- Ciclo 05:10 PM | Régimen: CHOP (LOW) | Pos: 0 | Equity: $4,911.53 | DD: -2.0% ---
[2026-03-13 17:10:36]   Régimen CHOP → CASH (no operar)
[2026-03-13 17:11:43] --- Ciclo 05:11 PM | Régimen: CHOP (LOW) | Pos: 0 | Equity: $4,911.53 | DD: -2.0% ---
[2026-03-13 17:12:17]   Régimen CHOP → CASH (no operar)
[2026-03-13 17:13:24] --- Ciclo 05:13 PM | Régimen: CHOP (LOW) | Pos: 0 | Equity: $4,911.53 | DD: -2.0% ---
[2026-03-13 17:14:02]   Régimen CHOP → CASH (no operar)
[2026-03-13 17:15:10] --- Ciclo 05:15 PM | Régimen: CHOP (LOW) | Pos: 0 | Equity: $4,911.53 | DD: -2.0% ---
[2026-03-13 17:15:46]   Régimen CHOP → CASH (no operar)
[2026-03-13 17:16:54] --- Ciclo 05:16 PM | Régimen: CHOP (LOW) | Pos: 0 | Equity: $4,911.53 | DD: -2.0% ---
[2026-03-13 17:17:29]   Régimen CHOP → CASH (no operar)
[2026-03-13 17:18:37] --- Ciclo 05:18 PM | Régimen: CHOP (LOW) | Pos: 0 | Equity: $4,911.53 | DD: -2.0% ---
[2026-03-13 17:19:12]   Régimen CHOP → CASH (no operar)
[2026-03-13 17:20:19] --- Ciclo 05:20 PM | Régimen: CHOP (LOW) | Pos: 0 | Equity: $4,911.53 | DD: -2.0% ---
[2026-03-13 17:20:54]   Régimen CHOP → CASH (no operar)
[2026-03-13 17:22:03] --- Ciclo 05:22 PM | Régimen: CHOP (LOW) | Pos: 0 | Equity: $4,911.53 | DD: -2.0% ---
[2026-03-13 17:22:38]   Régimen CHOP → CASH (no operar)
[2026-03-13 17:23:47] --- Ciclo 05:23 PM | Régimen: CHOP (LOW) | Pos: 0 | Equity: $4,911.53 | DD: -2.0% ---
[2026-03-13 17:24:22]   Régimen CHOP → CASH (no operar)
[2026-03-13 17:25:30] --- Ciclo 05:25 PM | Régimen: CHOP (LOW) | Pos: 0 | Equity: $4,911.53 | DD: -2.0% ---
[2026-03-13 17:26:06]   Régimen CHOP → CASH (no operar)
[2026-03-13 17:27:13] --- Ciclo 05:27 PM | Régimen: CHOP (LOW) | Pos: 0 | Equity: $4,911.53 | DD: -2.0% ---
[2026-03-13 17:27:47]   Régimen CHOP → CASH (no operar)
[2026-03-13 17:28:55] --- Ciclo 05:28 PM | Régimen: CHOP (LOW) | Pos: 0 | Equity: $4,911.53 | DD: -2.0% ---
[2026-03-13 17:29:30]   Régimen CHOP → CASH (no operar)
[2026-03-13 17:37:23] --- Ciclo 05:37 PM | Régimen: CHOP (LOW) | Pos: 0 | Equity: $4,911.53 | DD: -2.0% ---
[2026-03-13 17:37:53]   Régimen CHOP → CASH (no operar)
[2026-03-13 17:39:00] --- Ciclo 05:39 PM | Régimen: CHOP (LOW) | Pos: 0 | Equity: $4,911.53 | DD: -2.0% ---
[2026-03-13 17:39:31]   Régimen CHOP → CASH (no operar)
[2026-03-13 17:40:38] --- Ciclo 05:40 PM | Régimen: CHOP (LOW) | Pos: 0 | Equity: $4,911.53 | DD: -2.0% ---
[2026-03-13 17:41:10]   Régimen CHOP → CASH (no operar)
[2026-03-13 17:42:17] --- Ciclo 05:42 PM | Régimen: CHOP (LOW) | Pos: 0 | Equity: $4,911.53 | DD: -2.0% ---
[2026-03-13 17:42:49]   Régimen CHOP → CASH (no operar)
[2026-03-13 17:43:56] --- Ciclo 05:43 PM | Régimen: CHOP (LOW) | Pos: 0 | Equity: $4,911.53 | DD: -2.0% ---
[2026-03-13 17:44:26]   Régimen CHOP → CASH (no operar)
[2026-03-13 17:45:33] --- Ciclo 05:45 PM | Régimen: CHOP (LOW) | Pos: 0 | Equity: $4,911.53 | DD: -2.0% ---
[2026-03-13 17:46:04]   Régimen CHOP → CASH (no operar)
[2026-03-13 17:47:12] --- Ciclo 05:47 PM | Régimen: CHOP (LOW) | Pos: 0 | Equity: $4,911.53 | DD: -2.0% ---
[2026-03-13 17:47:42]   Régimen CHOP → CASH (no operar)
[2026-03-13 17:48:49] --- Ciclo 05:48 PM | Régimen: CHOP (LOW) | Pos: 0 | Equity: $4,911.53 | DD: -2.0% ---
[2026-03-13 17:49:19]   Régimen CHOP → CASH (no operar)
[2026-03-13 17:50:26] --- Ciclo 05:50 PM | Régimen: CHOP (LOW) | Pos: 0 | Equity: $4,911.53 | DD: -2.0% ---
[2026-03-13 17:50:57]   Régimen CHOP → CASH (no operar)
[2026-03-13 17:52:04] --- Ciclo 05:52 PM | Régimen: CHOP (LOW) | Pos: 0 | Equity: $4,911.53 | DD: -2.0% ---
[2026-03-13 17:52:35]   Régimen CHOP → CASH (no operar)
[2026-03-13 17:53:41] --- Ciclo 05:53 PM | Régimen: CHOP (LOW) | Pos: 0 | Equity: $4,911.53 | DD: -2.0% ---
[2026-03-13 17:54:12]   Régimen CHOP → CASH (no operar)
[2026-03-13 17:55:19] --- Ciclo 05:55 PM | Régimen: CHOP (LOW) | Pos: 0 | Equity: $4,911.53 | DD: -2.0% ---
[2026-03-13 17:55:50]   Régimen CHOP → CASH (no operar)
[2026-03-13 17:56:57] --- Ciclo 05:56 PM | Régimen: CHOP (LOW) | Pos: 0 | Equity: $4,911.53 | DD: -2.0% ---
[2026-03-13 17:57:27]   Régimen CHOP → CASH (no operar)
[2026-03-13 17:58:34] --- Ciclo 05:58 PM | Régimen: CHOP (LOW) | Pos: 0 | Equity: $4,911.53 | DD: -2.0% ---
[2026-03-13 17:59:05]   Régimen CHOP → CASH (no operar)
[2026-03-13 18:00:12] --- Ciclo 06:00 PM | Régimen: CHOP (LOW) | Pos: 0 | Equity: $4,911.53 | DD: -2.0% ---
[2026-03-13 18:00:41]   Régimen CHOP → CASH (no operar)
[2026-03-13 18:01:47] --- Ciclo 06:01 PM | Régimen: CHOP (LOW) | Pos: 0 | Equity: $4,911.53 | DD: -2.0% ---
[2026-03-13 18:02:16]   Régimen CHOP → CASH (no operar)
[2026-03-13 18:03:23] --- Ciclo 06:03 PM | Régimen: CHOP (LOW) | Pos: 0 | Equity: $4,911.53 | DD: -2.0% ---
[2026-03-13 18:03:53]   Régimen CHOP → CASH (no operar)
[2026-03-13 18:05:00] --- Ciclo 06:05 PM | Régimen: CHOP (LOW) | Pos: 0 | Equity: $4,911.53 | DD: -2.0% ---
[2026-03-13 18:05:30]   Régimen CHOP → CASH (no operar)
[2026-03-13 18:06:37] --- Ciclo 06:06 PM | Régimen: CHOP (LOW) | Pos: 0 | Equity: $4,911.53 | DD: -2.0% ---
[2026-03-13 18:07:07]   Régimen CHOP → CASH (no operar)
[2026-03-13 18:08:14] --- Ciclo 06:08 PM | Régimen: CHOP (LOW) | Pos: 0 | Equity: $4,911.53 | DD: -2.0% ---
[2026-03-13 18:08:44]   Régimen CHOP → CASH (no operar)
[2026-03-13 18:09:52] --- Ciclo 06:09 PM | Régimen: CHOP (LOW) | Pos: 0 | Equity: $4,911.53 | DD: -2.0% ---
[2026-03-13 18:10:24]   Régimen CHOP → CASH (no operar)
[2026-03-13 18:11:31] --- Ciclo 06:11 PM | Régimen: CHOP (LOW) | Pos: 0 | Equity: $4,911.53 | DD: -2.0% ---
[2026-03-13 18:12:03]   Régimen CHOP → CASH (no operar)
[2026-03-13 18:13:11] --- Ciclo 06:13 PM | Régimen: CHOP (LOW) | Pos: 0 | Equity: $4,911.53 | DD: -2.0% ---
[2026-03-13 18:13:41]   Régimen CHOP → CASH (no operar)
[2026-03-13 18:14:49] --- Ciclo 06:14 PM | Régimen: CHOP (LOW) | Pos: 0 | Equity: $4,911.53 | DD: -2.0% ---
[2026-03-13 18:15:21]   Régimen CHOP → CASH (no operar)
[2026-03-13 18:16:28] --- Ciclo 06:16 PM | Régimen: CHOP (LOW) | Pos: 0 | Equity: $4,911.53 | DD: -2.0% ---
[2026-03-13 18:16:58]   Régimen CHOP → CASH (no operar)
[2026-03-13 18:18:04] --- Ciclo 06:18 PM | Régimen: CHOP (LOW) | Pos: 0 | Equity: $4,911.53 | DD: -2.0% ---
[2026-03-13 18:18:36]   Régimen CHOP → CASH (no operar)
[2026-03-13 18:19:43] --- Ciclo 06:19 PM | Régimen: CHOP (LOW) | Pos: 0 | Equity: $4,911.53 | DD: -2.0% ---
[2026-03-13 18:20:13]   Régimen CHOP → CASH (no operar)
[2026-03-13 18:21:20] --- Ciclo 06:21 PM | Régimen: CHOP (LOW) | Pos: 0 | Equity: $4,911.53 | DD: -2.0% ---
[2026-03-13 18:21:50]   Régimen CHOP → CASH (no operar)
[2026-03-13 18:22:57] --- Ciclo 06:22 PM | Régimen: CHOP (LOW) | Pos: 0 | Equity: $4,911.53 | DD: -2.0% ---
[2026-03-13 18:23:27]   Régimen CHOP → CASH (no operar)
[2026-03-13 18:24:34] --- Ciclo 06:24 PM | Régimen: CHOP (LOW) | Pos: 0 | Equity: $4,911.53 | DD: -2.0% ---
[2026-03-13 18:25:05]   Régimen CHOP → CASH (no operar)
[2026-03-13 18:26:11] --- Ciclo 06:26 PM | Régimen: CHOP (LOW) | Pos: 0 | Equity: $4,911.53 | DD: -2.0% ---
[2026-03-13 18:26:41]   Régimen CHOP → CASH (no operar)
[2026-03-13 18:27:47] --- Ciclo 06:27 PM | Régimen: CHOP (LOW) | Pos: 0 | Equity: $4,911.53 | DD: -2.0% ---
[2026-03-13 18:28:18]   Régimen CHOP → CASH (no operar)
[2026-03-13 18:29:25] --- Ciclo 06:29 PM | Régimen: CHOP (LOW) | Pos: 0 | Equity: $4,911.53 | DD: -2.0% ---
[2026-03-13 18:29:55]   Régimen CHOP → CASH (no operar)
[2026-03-13 18:31:02] --- Ciclo 06:31 PM | Régimen: CHOP (LOW) | Pos: 0 | Equity: $4,911.53 | DD: -2.0% ---
[2026-03-13 18:31:35]   Régimen CHOP → CASH (no operar)
[2026-03-13 18:32:43] --- Ciclo 06:32 PM | Régimen: CHOP (LOW) | Pos: 0 | Equity: $4,911.53 | DD: -2.0% ---
[2026-03-13 18:33:12]   Régimen CHOP → CASH (no operar)
[2026-03-13 18:34:18] --- Ciclo 06:34 PM | Régimen: CHOP (LOW) | Pos: 0 | Equity: $4,911.53 | DD: -2.0% ---
[2026-03-13 18:34:49]   Régimen CHOP → CASH (no operar)
[2026-03-13 18:35:57] --- Ciclo 06:35 PM | Régimen: CHOP (LOW) | Pos: 0 | Equity: $4,911.53 | DD: -2.0% ---
[2026-03-13 18:36:28]   Régimen CHOP → CASH (no operar)
[2026-03-13 18:37:35] --- Ciclo 06:37 PM | Régimen: CHOP (LOW) | Pos: 0 | Equity: $4,911.53 | DD: -2.0% ---
[2026-03-13 18:38:07]   Régimen CHOP → CASH (no operar)
[2026-03-13 18:39:13] --- Ciclo 06:39 PM | Régimen: CHOP (LOW) | Pos: 0 | Equity: $4,911.53 | DD: -2.0% ---
[2026-03-13 18:39:43]   Régimen CHOP → CASH (no operar)
[2026-03-13 18:40:49] --- Ciclo 06:40 PM | Régimen: CHOP (LOW) | Pos: 0 | Equity: $4,911.53 | DD: -2.0% ---
[2026-03-13 18:41:19]   Régimen CHOP → CASH (no operar)
[2026-03-13 18:42:26] --- Ciclo 06:42 PM | Régimen: CHOP (LOW) | Pos: 0 | Equity: $4,911.53 | DD: -2.0% ---
[2026-03-13 18:42:56]   Régimen CHOP → CASH (no operar)
[2026-03-13 18:44:03] --- Ciclo 06:44 PM | Régimen: CHOP (LOW) | Pos: 0 | Equity: $4,911.53 | DD: -2.0% ---
[2026-03-13 18:44:34]   Régimen CHOP → CASH (no operar)
[2026-03-13 18:45:41] --- Ciclo 06:45 PM | Régimen: CHOP (LOW) | Pos: 0 | Equity: $4,911.53 | DD: -2.0% ---
[2026-03-13 18:46:12]   Régimen CHOP → CASH (no operar)
[2026-03-13 18:47:18] --- Ciclo 06:47 PM | Régimen: CHOP (LOW) | Pos: 0 | Equity: $4,911.53 | DD: -2.0% ---
[2026-03-13 18:47:51]   Régimen CHOP → CASH (no operar)
[2026-03-13 18:48:58] --- Ciclo 06:48 PM | Régimen: CHOP (LOW) | Pos: 0 | Equity: $4,911.53 | DD: -2.0% ---
[2026-03-13 18:49:27]   Régimen CHOP → CASH (no operar)
[2026-03-13 18:50:34] --- Ciclo 06:50 PM | Régimen: CHOP (LOW) | Pos: 0 | Equity: $4,911.53 | DD: -2.0% ---
[2026-03-13 18:51:05]   Régimen CHOP → CASH (no operar)
[2026-03-13 18:52:13] --- Ciclo 06:52 PM | Régimen: CHOP (LOW) | Pos: 0 | Equity: $4,911.53 | DD: -2.0% ---
[2026-03-13 18:52:45]   Régimen CHOP → CASH (no operar)
[2026-03-13 18:53:52] --- Ciclo 06:53 PM | Régimen: CHOP (LOW) | Pos: 0 | Equity: $4,911.53 | DD: -2.0% ---
[2026-03-13 18:54:27]   Régimen CHOP → CASH (no operar)
[2026-03-13 18:55:34] --- Ciclo 06:55 PM | Régimen: CHOP (LOW) | Pos: 0 | Equity: $4,911.53 | DD: -2.0% ---
[2026-03-13 18:56:06]   Régimen CHOP → CASH (no operar)
[2026-03-13 18:57:12] --- Ciclo 06:57 PM | Régimen: CHOP (LOW) | Pos: 0 | Equity: $4,911.53 | DD: -2.0% ---
[2026-03-13 18:57:43]   Régimen CHOP → CASH (no operar)
[2026-03-13 18:58:50] --- Ciclo 06:58 PM | Régimen: CHOP (LOW) | Pos: 0 | Equity: $4,911.53 | DD: -2.0% ---
[2026-03-13 18:59:20]   Régimen CHOP → CASH (no operar)
[2026-03-13 19:00:27] --- Ciclo 07:00 PM | Régimen: CHOP (LOW) | Pos: 0 | Equity: $4,911.53 | DD: -2.0% ---
[2026-03-13 19:00:57]   CAMBIO RÉGIMEN: CHOP → RANGE (conf=LOW, ADX=21.48, eff=0.114)
[2026-03-13 19:01:22]   PENDLE SHORT [TOV-LIVE] VETADO: equity_too_low_for_min_risk ($4911.53)
[2026-03-13 19:02:23] --- Ciclo 07:02 PM | Régimen: RANGE (LOW) | Pos: 0 | Equity: $4,911.53 | DD: -2.0% ---
[2026-03-13 19:03:00]   PENDLE SHORT [TOV-LIVE] VETADO: equity_too_low_for_min_risk ($4911.53)
[2026-03-13 19:04:01] --- Ciclo 07:04 PM | Régimen: RANGE (LOW) | Pos: 0 | Equity: $4,911.53 | DD: -2.0% ---
[2026-03-13 19:04:36]   PENDLE SHORT [TOV-LIVE] VETADO: equity_too_low_for_min_risk ($4911.53)
[2026-03-13 19:05:37] --- Ciclo 07:05 PM | Régimen: RANGE (LOW) | Pos: 0 | Equity: $4,911.53 | DD: -2.0% ---
[2026-03-13 19:06:14]   PENDLE SHORT [TOV-LIVE] VETADO: equity_too_low_for_min_risk ($4911.53)
[2026-03-13 19:07:15] --- Ciclo 07:07 PM | Régimen: RANGE (LOW) | Pos: 0 | Equity: $4,911.53 | DD: -2.0% ---
[2026-03-13 19:07:51]   PENDLE SHORT [TOV-LIVE] VETADO: equity_too_low_for_min_risk ($4911.53)
[2026-03-13 19:08:52] --- Ciclo 07:08 PM | Régimen: RANGE (LOW) | Pos: 0 | Equity: $4,911.53 | DD: -2.0% ---
[2026-03-13 19:09:26]   PENDLE SHORT [TOV-LIVE] VETADO: equity_too_low_for_min_risk ($4911.53)
[2026-03-13 19:10:27] --- Ciclo 07:10 PM | Régimen: RANGE (LOW) | Pos: 0 | Equity: $4,911.53 | DD: -2.0% ---
[2026-03-13 19:11:05]   PENDLE SHORT [TOV-LIVE] VETADO: equity_too_low_for_min_risk ($4911.53)
[2026-03-13 19:12:06] --- Ciclo 07:12 PM | Régimen: RANGE (LOW) | Pos: 0 | Equity: $4,911.53 | DD: -2.0% ---
[2026-03-13 19:12:41]   PENDLE SHORT [TOV-LIVE] VETADO: equity_too_low_for_min_risk ($4911.53)
[2026-03-13 19:13:42] --- Ciclo 07:13 PM | Régimen: RANGE (LOW) | Pos: 0 | Equity: $4,911.53 | DD: -2.0% ---
[2026-03-13 19:14:17]   PENDLE SHORT [TOV-LIVE] VETADO: equity_too_low_for_min_risk ($4911.53)
[2026-03-13 19:15:18] --- Ciclo 07:15 PM | Régimen: RANGE (LOW) | Pos: 0 | Equity: $4,911.53 | DD: -2.0% ---
[2026-03-13 19:15:52]   BNB LONG [TOV-LIVE] VETADO: equity_too_low_for_min_risk ($4911.53)
[2026-03-13 19:16:57] --- Ciclo 07:16 PM | Régimen: RANGE (LOW) | Pos: 0 | Equity: $4,911.53 | DD: -2.0% ---
[2026-03-13 19:17:28]   BNB LONG [TOV-LIVE] VETADO: equity_too_low_for_min_risk ($4911.53)
[2026-03-13 19:18:34] --- Ciclo 07:18 PM | Régimen: RANGE (LOW) | Pos: 0 | Equity: $4,911.53 | DD: -2.0% ---
[2026-03-13 19:19:06]   BNB LONG [TOV-LIVE] VETADO: equity_too_low_for_min_risk ($4911.53)
[2026-03-13 19:20:12] --- Ciclo 07:20 PM | Régimen: RANGE (LOW) | Pos: 0 | Equity: $4,911.53 | DD: -2.0% ---
[2026-03-13 19:20:44]   BNB LONG [TOV-LIVE] VETADO: equity_too_low_for_min_risk ($4911.53)
[2026-03-13 19:21:50] --- Ciclo 07:21 PM | Régimen: RANGE (LOW) | Pos: 0 | Equity: $4,911.53 | DD: -2.0% ---
[2026-03-13 19:22:22]   BNB LONG [TOV-LIVE] VETADO: equity_too_low_for_min_risk ($4911.53)
[2026-03-13 19:23:29] --- Ciclo 07:23 PM | Régimen: RANGE (LOW) | Pos: 0 | Equity: $4,911.53 | DD: -2.0% ---
[2026-03-13 19:24:00]   BNB LONG [TOV-LIVE] VETADO: equity_too_low_for_min_risk ($4911.53)
[2026-03-13 19:25:06] --- Ciclo 07:25 PM | Régimen: RANGE (LOW) | Pos: 0 | Equity: $4,911.53 | DD: -2.0% ---
[2026-03-13 19:25:37]   BNB LONG [TOV-LIVE] VETADO: equity_too_low_for_min_risk ($4911.53)
[2026-03-13 19:26:43] --- Ciclo 07:26 PM | Régimen: RANGE (LOW) | Pos: 0 | Equity: $4,911.53 | DD: -2.0% ---
[2026-03-13 19:27:15]   BNB LONG [TOV-LIVE] VETADO: equity_too_low_for_min_risk ($4911.53)
[2026-03-13 19:28:21] --- Ciclo 07:28 PM | Régimen: RANGE (LOW) | Pos: 0 | Equity: $4,911.53 | DD: -2.0% ---
[2026-03-13 19:28:52]   BNB LONG [TOV-LIVE] VETADO: equity_too_low_for_min_risk ($4911.53)
[2026-03-13 19:29:58] --- Ciclo 07:29 PM | Régimen: RANGE (LOW) | Pos: 0 | Equity: $4,911.53 | DD: -2.0% ---
[2026-03-13 19:30:30]   BNB LONG [TOV-LIVE] VETADO: equity_too_low_for_min_risk ($4911.53)
[2026-03-13 19:30:35]   PENDLE SHORT [TOV-LIVE] VETADO: equity_too_low_for_min_risk ($4911.53)
[2026-03-13 19:31:35] --- Ciclo 07:31 PM | Régimen: RANGE (LOW) | Pos: 0 | Equity: $4,911.53 | DD: -2.0% ---
[2026-03-13 19:32:08]   BNB LONG [TOV-LIVE] VETADO: equity_too_low_for_min_risk ($4911.53)
[2026-03-13 19:32:13]   PENDLE SHORT [TOV-LIVE] VETADO: equity_too_low_for_min_risk ($4911.53)
[2026-03-13 19:33:14] --- Ciclo 07:33 PM | Régimen: RANGE (LOW) | Pos: 0 | Equity: $4,911.53 | DD: -2.0% ---
[2026-03-13 19:33:45]   BNB LONG [TOV-LIVE] VETADO: equity_too_low_for_min_risk ($4911.53)
[2026-03-13 19:33:50]   PENDLE SHORT [TOV-LIVE] VETADO: equity_too_low_for_min_risk ($4911.53)
[2026-03-13 19:34:50] --- Ciclo 07:34 PM | Régimen: RANGE (LOW) | Pos: 0 | Equity: $4,911.53 | DD: -2.0% ---
[2026-03-13 19:35:21]   BNB LONG [TOV-LIVE] VETADO: equity_too_low_for_min_risk ($4911.53)
[2026-03-13 19:35:27]   PENDLE SHORT [TOV-LIVE] VETADO: equity_too_low_for_min_risk ($4911.53)
[2026-03-13 19:36:28] --- Ciclo 07:36 PM | Régimen: RANGE (LOW) | Pos: 0 | Equity: $4,911.53 | DD: -2.0% ---
[2026-03-13 19:37:01]   BNB LONG [TOV-LIVE] VETADO: equity_too_low_for_min_risk ($4911.53)
[2026-03-13 19:37:06]   PENDLE SHORT [TOV-LIVE] VETADO: equity_too_low_for_min_risk ($4911.53)
[2026-03-13 19:38:07] --- Ciclo 07:38 PM | Régimen: RANGE (LOW) | Pos: 0 | Equity: $4,911.53 | DD: -2.0% ---
[2026-03-13 19:38:40]   BNB LONG [TOV-LIVE] VETADO: equity_too_low_for_min_risk ($4911.53)
[2026-03-13 19:38:44]   PENDLE SHORT [TOV-LIVE] VETADO: equity_too_low_for_min_risk ($4911.53)
[2026-03-13 19:39:45] --- Ciclo 07:39 PM | Régimen: RANGE (LOW) | Pos: 0 | Equity: $4,911.53 | DD: -2.0% ---
[2026-03-13 19:40:16]   BNB LONG [TOV-LIVE] VETADO: equity_too_low_for_min_risk ($4911.53)
[2026-03-13 19:40:21]   PENDLE SHORT [TOV-LIVE] VETADO: equity_too_low_for_min_risk ($4911.53)
[2026-03-13 19:41:22] --- Ciclo 07:41 PM | Régimen: RANGE (LOW) | Pos: 0 | Equity: $4,911.53 | DD: -2.0% ---
[2026-03-13 19:41:52]   BNB LONG [TOV-LIVE] VETADO: equity_too_low_for_min_risk ($4911.53)
[2026-03-13 19:41:58]   PENDLE SHORT [TOV-LIVE] VETADO: equity_too_low_for_min_risk ($4911.53)
[2026-03-13 19:42:59] --- Ciclo 07:42 PM | Régimen: RANGE (LOW) | Pos: 0 | Equity: $4,911.53 | DD: -2.0% ---
[2026-03-13 19:43:30]   BNB LONG [TOV-LIVE] VETADO: equity_too_low_for_min_risk ($4911.53)
[2026-03-13 19:43:36]   PENDLE SHORT [TOV-LIVE] VETADO: equity_too_low_for_min_risk ($4911.53)
[2026-03-13 19:44:52] --- Ciclo 07:44 PM | Régimen: RANGE (LOW) | Pos: 0 | Equity: $4,911.53 | DD: -2.0% ---
[2026-03-13 19:45:25]   BNB LONG [TOV-LIVE] VETADO: equity_too_low_for_min_risk ($4911.53)
[2026-03-13 19:45:30]   PENDLE SHORT [TOV-LIVE] VETADO: equity_too_low_for_min_risk ($4911.53)
[2026-03-13 19:46:31] --- Ciclo 07:46 PM | Régimen: RANGE (LOW) | Pos: 0 | Equity: $4,911.53 | DD: -2.0% ---
[2026-03-13 19:47:02]   BNB LONG [TOV-LIVE] VETADO: equity_too_low_for_min_risk ($4911.53)
[2026-03-13 19:47:08]   PENDLE SHORT [TOV-LIVE] VETADO: equity_too_low_for_min_risk ($4911.53)
[2026-03-13 19:48:09] --- Ciclo 07:48 PM | Régimen: RANGE (LOW) | Pos: 0 | Equity: $4,911.53 | DD: -2.0% ---
[2026-03-13 19:48:41]   BNB LONG [TOV-LIVE] VETADO: equity_too_low_for_min_risk ($4911.53)
[2026-03-13 19:48:45]   PENDLE SHORT [TOV-LIVE] VETADO: equity_too_low_for_min_risk ($4911.53)
[2026-03-13 19:49:46] --- Ciclo 07:49 PM | Régimen: RANGE (LOW) | Pos: 0 | Equity: $4,911.53 | DD: -2.0% ---
[2026-03-13 19:50:18]   BNB LONG [TOV-LIVE] VETADO: equity_too_low_for_min_risk ($4911.53)
[2026-03-13 19:50:23]   PENDLE SHORT [TOV-LIVE] VETADO: equity_too_low_for_min_risk ($4911.53)
[2026-03-13 19:51:24] --- Ciclo 07:51 PM | Régimen: RANGE (LOW) | Pos: 0 | Equity: $4,911.53 | DD: -2.0% ---
[2026-03-13 19:52:01]   BNB LONG [TOV-LIVE] VETADO: equity_too_low_for_min_risk ($4911.53)
[2026-03-13 19:52:08]   PENDLE SHORT [TOV-LIVE] VETADO: equity_too_low_for_min_risk ($4911.53)
[2026-03-13 19:53:09] --- Ciclo 07:53 PM | Régimen: RANGE (LOW) | Pos: 0 | Equity: $4,911.53 | DD: -2.0% ---
[2026-03-13 19:53:46]   BNB LONG [TOV-LIVE] VETADO: equity_too_low_for_min_risk ($4911.53)
[2026-03-13 19:53:53]   PENDLE SHORT [TOV-LIVE] VETADO: equity_too_low_for_min_risk ($4911.53)
[2026-03-13 19:54:55] --- Ciclo 07:54 PM | Régimen: RANGE (LOW) | Pos: 0 | Equity: $4,911.53 | DD: -2.0% ---
[2026-03-13 19:55:33]   BNB LONG [TOV-LIVE] VETADO: equity_too_low_for_min_risk ($4911.53)
[2026-03-13 19:55:40]   PENDLE SHORT [TOV-LIVE] VETADO: equity_too_low_for_min_risk ($4911.53)
[2026-03-13 19:56:41] --- Ciclo 07:56 PM | Régimen: RANGE (LOW) | Pos: 0 | Equity: $4,911.53 | DD: -2.0% ---
[2026-03-13 19:57:18]   BNB LONG [TOV-LIVE] VETADO: equity_too_low_for_min_risk ($4911.53)
[2026-03-13 19:57:25]   PENDLE SHORT [TOV-LIVE] VETADO: equity_too_low_for_min_risk ($4911.53)
[2026-03-13 19:58:26] --- Ciclo 07:58 PM | Régimen: RANGE (LOW) | Pos: 0 | Equity: $4,911.53 | DD: -2.0% ---
[2026-03-13 19:59:05]   BNB LONG [TOV-LIVE] VETADO: equity_too_low_for_min_risk ($4911.53)
[2026-03-13 19:59:12]   PENDLE SHORT [TOV-LIVE] VETADO: equity_too_low_for_min_risk ($4911.53)
[2026-03-13 20:00:13] --- Ciclo 08:00 PM | Régimen: RANGE (LOW) | Pos: 0 | Equity: $4,911.53 | DD: -2.0% ---
[2026-03-13 20:00:47]   BNB LONG [TOV-LIVE] VETADO: equity_too_low_for_min_risk ($4911.53)
[2026-03-13 20:00:54]   PENDLE SHORT [TOV-LIVE] VETADO: equity_too_low_for_min_risk ($4911.53)
[2026-03-13 20:01:56] --- Ciclo 08:01 PM | Régimen: RANGE (LOW) | Pos: 0 | Equity: $4,911.53 | DD: -2.0% ---
[2026-03-13 20:02:30]   BNB LONG [TOV-LIVE] VETADO: equity_too_low_for_min_risk ($4911.53)
[2026-03-13 20:02:37]   PENDLE SHORT [TOV-LIVE] VETADO: equity_too_low_for_min_risk ($4911.53)
[2026-03-13 20:03:39] --- Ciclo 08:03 PM | Régimen: RANGE (LOW) | Pos: 0 | Equity: $4,911.53 | DD: -2.0% ---
[2026-03-13 20:04:14]   BNB LONG [TOV-LIVE] VETADO: equity_too_low_for_min_risk ($4911.53)
[2026-03-13 20:04:21]   PENDLE SHORT [TOV-LIVE] VETADO: equity_too_low_for_min_risk ($4911.53)
[2026-03-13 20:05:23] --- Ciclo 08:05 PM | Régimen: RANGE (LOW) | Pos: 0 | Equity: $4,911.53 | DD: -2.0% ---
[2026-03-13 20:05:58]   BNB LONG [TOV-LIVE] VETADO: equity_too_low_for_min_risk ($4911.53)
[2026-03-13 20:06:05]   PENDLE SHORT [TOV-LIVE] VETADO: equity_too_low_for_min_risk ($4911.53)
[2026-03-13 20:07:06] --- Ciclo 08:07 PM | Régimen: RANGE (LOW) | Pos: 0 | Equity: $4,911.53 | DD: -2.0% ---
[2026-03-13 20:07:40]   BNB LONG [TOV-LIVE] VETADO: equity_too_low_for_min_risk ($4911.53)
[2026-03-13 20:07:47]   PENDLE SHORT [TOV-LIVE] VETADO: equity_too_low_for_min_risk ($4911.53)
[2026-03-13 20:08:49] --- Ciclo 08:08 PM | Régimen: RANGE (LOW) | Pos: 0 | Equity: $4,911.53 | DD: -2.0% ---
[2026-03-13 20:09:26]   BNB LONG [TOV-LIVE] VETADO: equity_too_low_for_min_risk ($4911.53)
[2026-03-13 20:09:33]   PENDLE SHORT [TOV-LIVE] VETADO: equity_too_low_for_min_risk ($4911.53)
[2026-03-13 20:10:34] --- Ciclo 08:10 PM | Régimen: RANGE (LOW) | Pos: 0 | Equity: $4,911.53 | DD: -2.0% ---
[2026-03-13 20:11:13]   BNB LONG [TOV-LIVE] VETADO: equity_too_low_for_min_risk ($4911.53)
[2026-03-13 20:11:20]   PENDLE SHORT [TOV-LIVE] VETADO: equity_too_low_for_min_risk ($4911.53)
[2026-03-13 20:12:21] --- Ciclo 08:12 PM | Régimen: RANGE (LOW) | Pos: 0 | Equity: $4,911.53 | DD: -2.0% ---
[2026-03-13 20:12:59]   BNB LONG [TOV-LIVE] VETADO: equity_too_low_for_min_risk ($4911.53)
[2026-03-13 20:13:06]   PENDLE SHORT [TOV-LIVE] VETADO: equity_too_low_for_min_risk ($4911.53)
[2026-03-13 20:14:07] --- Ciclo 08:14 PM | Régimen: RANGE (LOW) | Pos: 0 | Equity: $4,911.53 | DD: -2.0% ---
[2026-03-13 20:14:43]   BNB LONG [TOV-LIVE] VETADO: equity_too_low_for_min_risk ($4911.53)
[2026-03-13 20:14:50]   PENDLE SHORT [TOV-LIVE] VETADO: equity_too_low_for_min_risk ($4911.53)
[2026-03-13 20:15:52] --- Ciclo 08:15 PM | Régimen: RANGE (LOW) | Pos: 0 | Equity: $4,911.53 | DD: -2.0% ---
[2026-03-13 20:16:32]   OP LONG [TOV-LIVE] VETADO: equity_too_low_for_min_risk ($4911.53)
[2026-03-13 20:16:36]   PENDLE SHORT [TOV-LIVE] VETADO: equity_too_low_for_min_risk ($4911.53)
[2026-03-13 20:16:36]   ENA LONG [TOV-LIVE] VETADO: equity_too_low_for_min_risk ($4911.53)
[2026-03-13 20:24:21] --- Ciclo 08:24 PM | Régimen: RANGE (LOW) | Pos: 0 | Equity: $4,911.53 | DD: -2.0% ---
[2026-03-13 20:24:54]   OP LONG [TOV-LIVE] VETADO: equity_too_low_for_min_risk ($4911.53)
[2026-03-13 20:24:57]   PENDLE SHORT [TOV-LIVE] VETADO: equity_too_low_for_min_risk ($4911.53)
[2026-03-13 20:24:57]   ENA LONG [TOV-LIVE] VETADO: equity_too_low_for_min_risk ($4911.53)
[2026-03-13 20:25:58] --- Ciclo 08:25 PM | Régimen: RANGE (LOW) | Pos: 0 | Equity: $4,911.53 | DD: -2.0% ---
[2026-03-13 20:26:32]   OP LONG [TOV-LIVE] VETADO: equity_too_low_for_min_risk ($4911.53)
[2026-03-13 20:26:34]   PENDLE SHORT [TOV-LIVE] VETADO: equity_too_low_for_min_risk ($4911.53)
[2026-03-13 20:26:35]   ENA LONG [TOV-LIVE] VETADO: equity_too_low_for_min_risk ($4911.53)
[2026-03-13 20:27:35] --- Ciclo 08:27 PM | Régimen: RANGE (LOW) | Pos: 0 | Equity: $4,911.53 | DD: -2.0% ---
[2026-03-13 20:28:09]   OP LONG [TOV-LIVE] VETADO: equity_too_low_for_min_risk ($4911.53)
[2026-03-13 20:28:11]   PENDLE SHORT [TOV-LIVE] VETADO: equity_too_low_for_min_risk ($4911.53)
[2026-03-13 20:28:12]   ENA LONG [TOV-LIVE] VETADO: equity_too_low_for_min_risk ($4911.53)
[2026-03-13 20:29:12] --- Ciclo 08:29 PM | Régimen: RANGE (LOW) | Pos: 0 | Equity: $4,911.53 | DD: -2.0% ---
[2026-03-13 20:29:46]   OP LONG [TOV-LIVE] VETADO: equity_too_low_for_min_risk ($4911.53)
[2026-03-13 20:29:48]   PENDLE SHORT [TOV-LIVE] VETADO: equity_too_low_for_min_risk ($4911.53)
[2026-03-13 20:29:48]   ENA LONG [TOV-LIVE] VETADO: equity_too_low_for_min_risk ($4911.53)
[2026-03-13 20:30:49] --- Ciclo 08:30 PM | Régimen: RANGE (LOW) | Pos: 0 | Equity: $4,911.53 | DD: -2.0% ---
[2026-03-13 20:31:20]   BTC LONG [TOV-LIVE] VETADO: equity_too_low_for_min_risk ($4911.53)
[2026-03-13 20:31:23]   OP LONG [TOV-LIVE] VETADO: equity_too_low_for_min_risk ($4911.53)
[2026-03-13 20:31:26]   ENA LONG [TOV-LIVE] VETADO: equity_too_low_for_min_risk ($4911.53)
[2026-03-13 20:32:27] --- Ciclo 08:32 PM | Régimen: RANGE (LOW) | Pos: 0 | Equity: $4,911.53 | DD: -2.0% ---
[2026-03-13 20:32:58]   BTC LONG [TOV-LIVE] VETADO: equity_too_low_for_min_risk ($4911.53)
[2026-03-13 20:33:01]   OP LONG [TOV-LIVE] VETADO: equity_too_low_for_min_risk ($4911.53)
[2026-03-13 20:33:04]   ENA LONG [TOV-LIVE] VETADO: equity_too_low_for_min_risk ($4911.53)
[2026-03-13 20:34:05] --- Ciclo 08:34 PM | Régimen: RANGE (LOW) | Pos: 0 | Equity: $4,911.53 | DD: -2.0% ---
[2026-03-13 20:34:34]   BTC LONG [TOV-LIVE] VETADO: equity_too_low_for_min_risk ($4911.53)
[2026-03-13 20:34:38]   OP LONG [TOV-LIVE] VETADO: equity_too_low_for_min_risk ($4911.53)
[2026-03-13 20:34:41]   ENA LONG [TOV-LIVE] VETADO: equity_too_low_for_min_risk ($4911.53)
[2026-03-13 20:35:41] --- Ciclo 08:35 PM | Régimen: RANGE (LOW) | Pos: 0 | Equity: $4,911.53 | DD: -2.0% ---
[2026-03-13 20:36:12]   BTC LONG [TOV-LIVE] VETADO: equity_too_low_for_min_risk ($4911.53)
[2026-03-13 20:36:15]   OP LONG [TOV-LIVE] VETADO: equity_too_low_for_min_risk ($4911.53)
[2026-03-13 20:36:18]   ENA LONG [TOV-LIVE] VETADO: equity_too_low_for_min_risk ($4911.53)
[2026-03-13 20:37:19] --- Ciclo 08:37 PM | Régimen: RANGE (LOW) | Pos: 0 | Equity: $4,911.53 | DD: -2.0% ---
[2026-03-13 20:37:49]   BTC LONG [TOV-LIVE] VETADO: equity_too_low_for_min_risk ($4911.53)
[2026-03-13 20:37:52]   OP LONG [TOV-LIVE] VETADO: equity_too_low_for_min_risk ($4911.53)
[2026-03-13 20:37:55]   ENA LONG [TOV-LIVE] VETADO: equity_too_low_for_min_risk ($4911.53)
[2026-03-13 20:38:55] --- Ciclo 08:38 PM | Régimen: RANGE (LOW) | Pos: 0 | Equity: $4,911.53 | DD: -2.0% ---
[2026-03-13 20:39:27]   BTC LONG [TOV-LIVE] VETADO: equity_too_low_for_min_risk ($4911.53)
[2026-03-13 20:39:29]   OP LONG [TOV-LIVE] VETADO: equity_too_low_for_min_risk ($4911.53)
[2026-03-13 20:39:32]   ENA LONG [TOV-LIVE] VETADO: equity_too_low_for_min_risk ($4911.53)
[2026-03-13 20:40:33] --- Ciclo 08:40 PM | Régimen: RANGE (LOW) | Pos: 0 | Equity: $4,911.53 | DD: -2.0% ---
[2026-03-13 20:41:03]   BTC LONG [TOV-LIVE] VETADO: equity_too_low_for_min_risk ($4911.53)
[2026-03-13 20:41:06]   OP LONG [TOV-LIVE] VETADO: equity_too_low_for_min_risk ($4911.53)
[2026-03-13 20:41:09]   ENA LONG [TOV-LIVE] VETADO: equity_too_low_for_min_risk ($4911.53)
[2026-03-13 20:42:10] --- Ciclo 08:42 PM | Régimen: RANGE (LOW) | Pos: 0 | Equity: $4,911.53 | DD: -2.0% ---
[2026-03-13 20:42:41]   BTC LONG [TOV-LIVE] VETADO: equity_too_low_for_min_risk ($4911.53)
[2026-03-13 20:42:43]   OP LONG [TOV-LIVE] VETADO: equity_too_low_for_min_risk ($4911.53)
[2026-03-13 20:42:47]   ENA LONG [TOV-LIVE] VETADO: equity_too_low_for_min_risk ($4911.53)
[2026-03-13 20:43:47] --- Ciclo 08:43 PM | Régimen: RANGE (LOW) | Pos: 0 | Equity: $4,911.53 | DD: -2.0% ---
[2026-03-13 20:44:18]   BTC LONG [TOV-LIVE] VETADO: equity_too_low_for_min_risk ($4911.53)
[2026-03-13 20:44:21]   OP LONG [TOV-LIVE] VETADO: equity_too_low_for_min_risk ($4911.53)
[2026-03-13 20:44:25]   ENA LONG [TOV-LIVE] VETADO: equity_too_low_for_min_risk ($4911.53)
[2026-03-13 20:45:26] --- Ciclo 08:45 PM | Régimen: RANGE (LOW) | Pos: 0 | Equity: $4,911.53 | DD: -2.0% ---
[2026-03-13 20:45:55]   BTC LONG [TOV-LIVE] VETADO: equity_too_low_for_min_risk ($4911.53)
[2026-03-13 20:45:58]   OP LONG [TOV-LIVE] VETADO: equity_too_low_for_min_risk ($4911.53)
[2026-03-13 20:46:00]   FIL LONG [TOV-LIVE] VETADO: equity_too_low_for_min_risk ($4911.53)
[2026-03-13 20:46:01]   TIA LONG [TOV-LIVE] VETADO: equity_too_low_for_min_risk ($4911.53)
[2026-03-13 20:46:01]   ENA LONG [TOV-LIVE] VETADO: equity_too_low_for_min_risk ($4911.53)
[2026-03-13 20:47:02] --- Ciclo 08:47 PM | Régimen: RANGE (LOW) | Pos: 0 | Equity: $4,911.53 | DD: -2.0% ---
[2026-03-13 20:47:34]   BTC LONG [TOV-LIVE] VETADO: equity_too_low_for_min_risk ($4911.53)
[2026-03-13 20:47:37]   OP LONG [TOV-LIVE] VETADO: equity_too_low_for_min_risk ($4911.53)
[2026-03-13 20:47:39]   FIL LONG [TOV-LIVE] VETADO: equity_too_low_for_min_risk ($4911.53)
[2026-03-13 20:47:40]   TIA LONG [TOV-LIVE] VETADO: equity_too_low_for_min_risk ($4911.53)
[2026-03-13 20:47:41]   ENA LONG [TOV-LIVE] VETADO: equity_too_low_for_min_risk ($4911.53)
[2026-03-13 20:48:42] --- Ciclo 08:48 PM | Régimen: RANGE (LOW) | Pos: 0 | Equity: $4,911.53 | DD: -2.0% ---
[2026-03-13 20:49:14]   BTC LONG [TOV-LIVE] VETADO: equity_too_low_for_min_risk ($4911.53)
[2026-03-13 20:49:17]   OP LONG [TOV-LIVE] VETADO: equity_too_low_for_min_risk ($4911.53)
[2026-03-13 20:49:18]   FIL LONG [TOV-LIVE] VETADO: equity_too_low_for_min_risk ($4911.53)
[2026-03-13 20:49:19]   TIA LONG [TOV-LIVE] VETADO: equity_too_low_for_min_risk ($4911.53)
[2026-03-13 20:49:20]   ENA LONG [TOV-LIVE] VETADO: equity_too_low_for_min_risk ($4911.53)
[2026-03-13 20:50:21] --- Ciclo 08:50 PM | Régimen: RANGE (LOW) | Pos: 0 | Equity: $4,911.53 | DD: -2.0% ---
[2026-03-13 20:50:50]   BTC LONG [TOV-LIVE] VETADO: equity_too_low_for_min_risk ($4911.53)
[2026-03-13 20:50:53]   OP LONG [TOV-LIVE] VETADO: equity_too_low_for_min_risk ($4911.53)
[2026-03-13 20:50:54]   FIL LONG [TOV-LIVE] VETADO: equity_too_low_for_min_risk ($4911.53)
[2026-03-13 20:50:55]   TIA LONG [TOV-LIVE] VETADO: equity_too_low_for_min_risk ($4911.53)
[2026-03-13 20:50:56]   ENA LONG [TOV-LIVE] VETADO: equity_too_low_for_min_risk ($4911.53)
[2026-03-13 20:51:56] --- Ciclo 08:51 PM | Régimen: RANGE (LOW) | Pos: 0 | Equity: $4,911.53 | DD: -2.0% ---
[2026-03-13 20:52:27]   BTC LONG [TOV-LIVE] VETADO: equity_too_low_for_min_risk ($4911.53)
[2026-03-13 20:52:30]   OP LONG [TOV-LIVE] VETADO: equity_too_low_for_min_risk ($4911.53)
[2026-03-13 20:52:32]   FIL LONG [TOV-LIVE] VETADO: equity_too_low_for_min_risk ($4911.53)
[2026-03-13 20:52:33]   TIA LONG [TOV-LIVE] VETADO: equity_too_low_for_min_risk ($4911.53)
[2026-03-13 20:52:33]   ENA LONG [TOV-LIVE] VETADO: equity_too_low_for_min_risk ($4911.53)
[2026-03-13 20:53:34] --- Ciclo 08:53 PM | Régimen: RANGE (LOW) | Pos: 0 | Equity: $4,911.53 | DD: -2.0% ---
[2026-03-13 20:54:05]   BTC LONG [TOV-LIVE] VETADO: equity_too_low_for_min_risk ($4911.53)
[2026-03-13 20:54:08]   OP LONG [TOV-LIVE] VETADO: equity_too_low_for_min_risk ($4911.53)
[2026-03-13 20:54:09]   FIL LONG [TOV-LIVE] VETADO: equity_too_low_for_min_risk ($4911.53)
[2026-03-13 20:54:10]   TIA LONG [TOV-LIVE] VETADO: equity_too_low_for_min_risk ($4911.53)
[2026-03-13 20:54:11]   ENA LONG [TOV-LIVE] VETADO: equity_too_low_for_min_risk ($4911.53)
[2026-03-13 20:55:11] --- Ciclo 08:55 PM | Régimen: RANGE (LOW) | Pos: 0 | Equity: $4,911.53 | DD: -2.0% ---
[2026-03-13 20:55:44]   BTC LONG [TOV-LIVE] VETADO: equity_too_low_for_min_risk ($4911.53)
[2026-03-13 20:55:47]   OP LONG [TOV-LIVE] VETADO: equity_too_low_for_min_risk ($4911.53)
[2026-03-13 20:55:49]   FIL LONG [TOV-LIVE] VETADO: equity_too_low_for_min_risk ($4911.53)
[2026-03-13 20:55:50]   TIA LONG [TOV-LIVE] VETADO: equity_too_low_for_min_risk ($4911.53)
[2026-03-13 20:55:51]   ENA LONG [TOV-LIVE] VETADO: equity_too_low_for_min_risk ($4911.53)
[2026-03-13 20:56:51] --- Ciclo 08:56 PM | Régimen: RANGE (LOW) | Pos: 0 | Equity: $4,911.53 | DD: -2.0% ---
[2026-03-13 20:57:22]   BTC LONG [TOV-LIVE] VETADO: equity_too_low_for_min_risk ($4911.53)
[2026-03-13 20:57:25]   OP LONG [TOV-LIVE] VETADO: equity_too_low_for_min_risk ($4911.53)
[2026-03-13 20:57:27]   FIL LONG [TOV-LIVE] VETADO: equity_too_low_for_min_risk ($4911.53)
[2026-03-13 20:57:28]   TIA LONG [TOV-LIVE] VETADO: equity_too_low_for_min_risk ($4911.53)
[2026-03-13 20:57:29]   ENA LONG [TOV-LIVE] VETADO: equity_too_low_for_min_risk ($4911.53)
[2026-03-13 20:58:30] --- Ciclo 08:58 PM | Régimen: RANGE (LOW) | Pos: 0 | Equity: $4,911.53 | DD: -2.0% ---
[2026-03-13 20:59:00]   BTC LONG [TOV-LIVE] VETADO: equity_too_low_for_min_risk ($4911.53)
[2026-03-13 20:59:03]   OP LONG [TOV-LIVE] VETADO: equity_too_low_for_min_risk ($4911.53)
[2026-03-13 20:59:05]   FIL LONG [TOV-LIVE] VETADO: equity_too_low_for_min_risk ($4911.53)
[2026-03-13 20:59:06]   TIA LONG [TOV-LIVE] VETADO: equity_too_low_for_min_risk ($4911.53)
[2026-03-13 20:59:07]   ENA LONG [TOV-LIVE] VETADO: equity_too_low_for_min_risk ($4911.53)
[2026-03-13 21:00:07] --- Ciclo 09:00 PM | Régimen: RANGE (LOW) | Pos: 0 | Equity: $4,911.53 | DD: -2.0% ---
[2026-03-13 21:00:37]   BTC LONG [TOV-LIVE] VETADO: equity_too_low_for_min_risk ($4911.53)
[2026-03-13 21:00:40]   OP LONG [TOV-LIVE] VETADO: equity_too_low_for_min_risk ($4911.53)
[2026-03-13 21:00:42]   FIL LONG [TOV-LIVE] VETADO: equity_too_low_for_min_risk ($4911.53)
[2026-03-13 21:00:43]   TIA LONG [TOV-LIVE] VETADO: equity_too_low_for_min_risk ($4911.53)
[2026-03-13 21:00:44]   ENA LONG [TOV-LIVE] VETADO: equity_too_low_for_min_risk ($4911.53)
[2026-03-13 21:01:44] --- Ciclo 09:01 PM | Régimen: RANGE (LOW) | Pos: 0 | Equity: $4,911.53 | DD: -2.0% ---
[2026-03-13 21:02:15]   BTC LONG [TOV-LIVE] VETADO: equity_too_low_for_min_risk ($4911.53)
[2026-03-13 21:02:17]   OP LONG [TOV-LIVE] VETADO: equity_too_low_for_min_risk ($4911.53)
[2026-03-13 21:02:19]   FIL LONG [TOV-LIVE] VETADO: equity_too_low_for_min_risk ($4911.53)
[2026-03-13 21:02:20]   TIA LONG [TOV-LIVE] VETADO: equity_too_low_for_min_risk ($4911.53)
[2026-03-13 21:02:21]   ENA LONG [TOV-LIVE] VETADO: equity_too_low_for_min_risk ($4911.53)
[2026-03-13 21:03:21] --- Ciclo 09:03 PM | Régimen: RANGE (LOW) | Pos: 0 | Equity: $4,911.53 | DD: -2.0% ---
[2026-03-13 21:03:51]   BTC LONG [TOV-LIVE] VETADO: equity_too_low_for_min_risk ($4911.53)
[2026-03-13 21:03:54]   OP LONG [TOV-LIVE] VETADO: equity_too_low_for_min_risk ($4911.53)
[2026-03-13 21:03:55]   FIL LONG [TOV-LIVE] VETADO: equity_too_low_for_min_risk ($4911.53)
[2026-03-13 21:03:57]   TIA LONG [TOV-LIVE] VETADO: equity_too_low_for_min_risk ($4911.53)
[2026-03-13 21:03:57]   ENA LONG [TOV-LIVE] VETADO: equity_too_low_for_min_risk ($4911.53)
[2026-03-13 21:04:58] --- Ciclo 09:04 PM | Régimen: RANGE (LOW) | Pos: 0 | Equity: $4,911.53 | DD: -2.0% ---
[2026-03-13 21:05:28]   BTC LONG [TOV-LIVE] VETADO: equity_too_low_for_min_risk ($4911.53)
[2026-03-13 21:05:30]   OP LONG [TOV-LIVE] VETADO: equity_too_low_for_min_risk ($4911.53)
[2026-03-13 21:05:32]   FIL LONG [TOV-LIVE] VETADO: equity_too_low_for_min_risk ($4911.53)
[2026-03-13 21:05:33]   TIA LONG [TOV-LIVE] VETADO: equity_too_low_for_min_risk ($4911.53)
[2026-03-13 21:05:34]   ENA LONG [TOV-LIVE] VETADO: equity_too_low_for_min_risk ($4911.53)
[2026-03-13 21:06:34] --- Ciclo 09:06 PM | Régimen: RANGE (LOW) | Pos: 0 | Equity: $4,911.53 | DD: -2.0% ---
[2026-03-13 21:07:04]   BTC LONG [TOV-LIVE] VETADO: equity_too_low_for_min_risk ($4911.53)
[2026-03-13 21:07:07]   OP LONG [TOV-LIVE] VETADO: equity_too_low_for_min_risk ($4911.53)
[2026-03-13 21:07:09]   FIL LONG [TOV-LIVE] VETADO: equity_too_low_for_min_risk ($4911.53)
[2026-03-13 21:07:10]   TIA LONG [TOV-LIVE] VETADO: equity_too_low_for_min_risk ($4911.53)
[2026-03-13 21:07:11]   ENA LONG [TOV-LIVE] VETADO: equity_too_low_for_min_risk ($4911.53)
[2026-03-13 21:08:11] --- Ciclo 09:08 PM | Régimen: RANGE (LOW) | Pos: 0 | Equity: $4,911.53 | DD: -2.0% ---
[2026-03-13 21:08:41]   BTC LONG [TOV-LIVE] VETADO: equity_too_low_for_min_risk ($4911.53)
[2026-03-13 21:08:44]   OP LONG [TOV-LIVE] VETADO: equity_too_low_for_min_risk ($4911.53)
[2026-03-13 21:08:46]   FIL LONG [TOV-LIVE] VETADO: equity_too_low_for_min_risk ($4911.53)
[2026-03-13 21:08:47]   TIA LONG [TOV-LIVE] VETADO: equity_too_low_for_min_risk ($4911.53)
[2026-03-13 21:08:47]   ENA LONG [TOV-LIVE] VETADO: equity_too_low_for_min_risk ($4911.53)
[2026-03-13 21:09:48] --- Ciclo 09:09 PM | Régimen: RANGE (LOW) | Pos: 0 | Equity: $4,911.53 | DD: -2.0% ---
[2026-03-13 21:10:22]   BTC LONG [TOV-LIVE] VETADO: equity_too_low_for_min_risk ($4911.53)
[2026-03-13 21:10:25]   OP LONG [TOV-LIVE] VETADO: equity_too_low_for_min_risk ($4911.53)
[2026-03-13 21:10:27]   FIL LONG [TOV-LIVE] VETADO: equity_too_low_for_min_risk ($4911.53)
[2026-03-13 21:10:28]   TIA LONG [TOV-LIVE] VETADO: equity_too_low_for_min_risk ($4911.53)
[2026-03-13 21:10:29]   ENA LONG [TOV-LIVE] VETADO: equity_too_low_for_min_risk ($4911.53)
[2026-03-13 21:11:29] --- Ciclo 09:11 PM | Régimen: RANGE (LOW) | Pos: 0 | Equity: $4,911.53 | DD: -2.0% ---
[2026-03-13 21:12:00]   BTC LONG [TOV-LIVE] VETADO: equity_too_low_for_min_risk ($4911.53)
[2026-03-13 21:12:03]   OP LONG [TOV-LIVE] VETADO: equity_too_low_for_min_risk ($4911.53)
[2026-03-13 21:12:04]   FIL LONG [TOV-LIVE] VETADO: equity_too_low_for_min_risk ($4911.53)
[2026-03-13 21:12:05]   TIA LONG [TOV-LIVE] VETADO: equity_too_low_for_min_risk ($4911.53)
[2026-03-13 21:12:06]   ENA LONG [TOV-LIVE] VETADO: equity_too_low_for_min_risk ($4911.53)
[2026-03-13 21:13:07] --- Ciclo 09:13 PM | Régimen: RANGE (LOW) | Pos: 0 | Equity: $4,911.53 | DD: -2.0% ---
[2026-03-13 21:13:37]   BTC LONG [TOV-LIVE] VETADO: equity_too_low_for_min_risk ($4911.53)
[2026-03-13 21:13:41]   OP LONG [TOV-LIVE] VETADO: equity_too_low_for_min_risk ($4911.53)
[2026-03-13 21:13:42]   FIL LONG [TOV-LIVE] VETADO: equity_too_low_for_min_risk ($4911.53)
[2026-03-13 21:13:43]   TIA LONG [TOV-LIVE] VETADO: equity_too_low_for_min_risk ($4911.53)
[2026-03-13 21:13:44]   ENA LONG [TOV-LIVE] VETADO: equity_too_low_for_min_risk ($4911.53)
[2026-03-13 21:14:45] --- Ciclo 09:14 PM | Régimen: RANGE (LOW) | Pos: 0 | Equity: $4,911.53 | DD: -2.0% ---
[2026-03-13 21:15:15]   BTC LONG [TOV-LIVE] VETADO: equity_too_low_for_min_risk ($4911.53)
[2026-03-13 21:15:18]   OP LONG [TOV-LIVE] VETADO: equity_too_low_for_min_risk ($4911.53)
[2026-03-13 21:15:20]   FIL LONG [TOV-LIVE] VETADO: equity_too_low_for_min_risk ($4911.53)
[2026-03-13 21:15:21]   TIA LONG [TOV-LIVE] VETADO: equity_too_low_for_min_risk ($4911.53)
[2026-03-13 21:16:22] --- Ciclo 09:16 PM | Régimen: RANGE (LOW) | Pos: 0 | Equity: $4,911.53 | DD: -2.0% ---
[2026-03-13 21:16:54]   BTC LONG [TOV-LIVE] VETADO: equity_too_low_for_min_risk ($4911.53)
[2026-03-13 21:16:59]   FIL LONG [TOV-LIVE] VETADO: equity_too_low_for_min_risk ($4911.53)
[2026-03-13 21:17:00]   TIA LONG [TOV-LIVE] VETADO: equity_too_low_for_min_risk ($4911.53)
[2026-03-13 21:18:01] --- Ciclo 09:18 PM | Régimen: RANGE (LOW) | Pos: 0 | Equity: $4,911.53 | DD: -2.0% ---
[2026-03-13 21:18:34]   BTC LONG [TOV-LIVE] VETADO: equity_too_low_for_min_risk ($4911.53)
[2026-03-13 21:18:39]   FIL LONG [TOV-LIVE] VETADO: equity_too_low_for_min_risk ($4911.53)
[2026-03-13 21:18:40]   TIA LONG [TOV-LIVE] VETADO: equity_too_low_for_min_risk ($4911.53)
[2026-03-13 21:19:41] --- Ciclo 09:19 PM | Régimen: RANGE (LOW) | Pos: 0 | Equity: $4,911.53 | DD: -2.0% ---
[2026-03-13 21:20:12]   BTC LONG [TOV-LIVE] VETADO: equity_too_low_for_min_risk ($4911.53)
[2026-03-13 21:20:16]   FIL LONG [TOV-LIVE] VETADO: equity_too_low_for_min_risk ($4911.53)
[2026-03-13 21:20:17]   TIA LONG [TOV-LIVE] VETADO: equity_too_low_for_min_risk ($4911.53)
[2026-03-13 21:21:18] --- Ciclo 09:21 PM | Régimen: RANGE (LOW) | Pos: 0 | Equity: $4,911.53 | DD: -2.0% ---
[2026-03-13 21:21:48]   BTC LONG [TOV-LIVE] VETADO: equity_too_low_for_min_risk ($4911.53)
[2026-03-13 21:21:52]   FIL LONG [TOV-LIVE] VETADO: equity_too_low_for_min_risk ($4911.53)
[2026-03-13 21:21:53]   TIA LONG [TOV-LIVE] VETADO: equity_too_low_for_min_risk ($4911.53)
[2026-03-13 21:22:55] --- Ciclo 09:22 PM | Régimen: RANGE (LOW) | Pos: 0 | Equity: $4,911.53 | DD: -2.0% ---
[2026-03-13 21:23:25]   BTC LONG [TOV-LIVE] VETADO: equity_too_low_for_min_risk ($4911.53)
[2026-03-13 21:23:29]   FIL LONG [TOV-LIVE] VETADO: equity_too_low_for_min_risk ($4911.53)
[2026-03-13 21:23:30]   TIA LONG [TOV-LIVE] VETADO: equity_too_low_for_min_risk ($4911.53)
[2026-03-13 21:24:32] --- Ciclo 09:24 PM | Régimen: RANGE (LOW) | Pos: 0 | Equity: $4,911.53 | DD: -2.0% ---
[2026-03-13 21:25:03]   BTC LONG [TOV-LIVE] VETADO: equity_too_low_for_min_risk ($4911.53)
[2026-03-13 21:25:07]   FIL LONG [TOV-LIVE] VETADO: equity_too_low_for_min_risk ($4911.53)
[2026-03-13 21:25:08]   TIA LONG [TOV-LIVE] VETADO: equity_too_low_for_min_risk ($4911.53)
[2026-03-13 21:26:09] --- Ciclo 09:26 PM | Régimen: RANGE (LOW) | Pos: 0 | Equity: $4,911.53 | DD: -2.0% ---
[2026-03-13 21:26:40]   BTC LONG [TOV-LIVE] VETADO: equity_too_low_for_min_risk ($4911.53)
[2026-03-13 21:26:44]   FIL LONG [TOV-LIVE] VETADO: equity_too_low_for_min_risk ($4911.53)
[2026-03-13 21:26:45]   TIA LONG [TOV-LIVE] VETADO: equity_too_low_for_min_risk ($4911.53)
[2026-03-13 21:27:46] --- Ciclo 09:27 PM | Régimen: RANGE (LOW) | Pos: 0 | Equity: $4,911.53 | DD: -2.0% ---
[2026-03-13 21:28:17]   BTC LONG [TOV-LIVE] VETADO: equity_too_low_for_min_risk ($4911.53)
[2026-03-13 21:28:21]   FIL LONG [TOV-LIVE] VETADO: equity_too_low_for_min_risk ($4911.53)
[2026-03-13 21:28:22]   TIA LONG [TOV-LIVE] VETADO: equity_too_low_for_min_risk ($4911.53)
[2026-03-13 21:29:23] --- Ciclo 09:29 PM | Régimen: RANGE (LOW) | Pos: 0 | Equity: $4,911.53 | DD: -2.0% ---
[2026-03-13 21:29:57]   BTC LONG [TOV-LIVE] VETADO: equity_too_low_for_min_risk ($4911.53)
[2026-03-13 21:30:03]   FIL LONG [TOV-LIVE] VETADO: equity_too_low_for_min_risk ($4911.53)
[2026-03-13 21:30:04]   TIA LONG [TOV-LIVE] VETADO: equity_too_low_for_min_risk ($4911.53)
[2026-03-13 21:31:06] --- Ciclo 09:31 PM | Régimen: RANGE (LOW) | Pos: 0 | Equity: $4,911.53 | DD: -2.0% ---
[2026-03-13 21:31:41]   FIL LONG [TOV-LIVE] VETADO: equity_too_low_for_min_risk ($4911.53)
[2026-03-13 21:31:42]   TIA LONG [TOV-LIVE] VETADO: equity_too_low_for_min_risk ($4911.53)
[2026-03-13 21:32:44] --- Ciclo 09:32 PM | Régimen: RANGE (LOW) | Pos: 0 | Equity: $4,911.53 | DD: -2.0% ---
[2026-03-13 21:33:18]   FIL LONG [TOV-LIVE] VETADO: equity_too_low_for_min_risk ($4911.53)
[2026-03-13 21:33:19]   TIA LONG [TOV-LIVE] VETADO: equity_too_low_for_min_risk ($4911.53)
[2026-03-13 21:34:21] --- Ciclo 09:34 PM | Régimen: RANGE (LOW) | Pos: 0 | Equity: $4,911.53 | DD: -2.0% ---
[2026-03-13 21:34:55]   FIL LONG [TOV-LIVE] VETADO: equity_too_low_for_min_risk ($4911.53)
[2026-03-13 21:34:57]   TIA LONG [TOV-LIVE] VETADO: equity_too_low_for_min_risk ($4911.53)
[2026-03-13 21:35:58] --- Ciclo 09:35 PM | Régimen: RANGE (LOW) | Pos: 0 | Equity: $4,911.53 | DD: -2.0% ---
[2026-03-13 21:36:35]   FIL LONG [TOV-LIVE] VETADO: equity_too_low_for_min_risk ($4911.53)
[2026-03-13 21:36:37]   TIA LONG [TOV-LIVE] VETADO: equity_too_low_for_min_risk ($4911.53)
[2026-03-13 21:37:38] --- Ciclo 09:37 PM | Régimen: RANGE (LOW) | Pos: 0 | Equity: $4,911.53 | DD: -2.0% ---
[2026-03-13 21:38:14]   FIL LONG [TOV-LIVE] VETADO: equity_too_low_for_min_risk ($4911.53)
[2026-03-13 21:38:16]   TIA LONG [TOV-LIVE] VETADO: equity_too_low_for_min_risk ($4911.53)
[2026-03-13 21:39:17] --- Ciclo 09:39 PM | Régimen: RANGE (LOW) | Pos: 0 | Equity: $4,911.53 | DD: -2.0% ---
[2026-03-13 21:39:52]   FIL LONG [TOV-LIVE] VETADO: equity_too_low_for_min_risk ($4911.53)
[2026-03-13 21:39:53]   TIA LONG [TOV-LIVE] VETADO: equity_too_low_for_min_risk ($4911.53)
[2026-03-13 21:40:54] --- Ciclo 09:40 PM | Régimen: RANGE (LOW) | Pos: 0 | Equity: $4,911.53 | DD: -2.0% ---
[2026-03-13 21:41:28]   FIL LONG [TOV-LIVE] VETADO: equity_too_low_for_min_risk ($4911.53)
[2026-03-13 21:41:29]   TIA LONG [TOV-LIVE] VETADO: equity_too_low_for_min_risk ($4911.53)
[2026-03-13 21:42:30] --- Ciclo 09:42 PM | Régimen: RANGE (LOW) | Pos: 0 | Equity: $4,911.53 | DD: -2.0% ---
[2026-03-13 21:43:05]   FIL LONG [TOV-LIVE] VETADO: equity_too_low_for_min_risk ($4911.53)
[2026-03-13 21:43:06]   TIA LONG [TOV-LIVE] VETADO: equity_too_low_for_min_risk ($4911.53)
[2026-03-13 21:44:07] --- Ciclo 09:44 PM | Régimen: RANGE (LOW) | Pos: 0 | Equity: $4,911.53 | DD: -2.0% ---
[2026-03-13 21:44:41]   FIL LONG [TOV-LIVE] VETADO: equity_too_low_for_min_risk ($4911.53)
[2026-03-13 21:44:42]   TIA LONG [TOV-LIVE] VETADO: equity_too_low_for_min_risk ($4911.53)
[2026-03-13 21:45:44] --- Ciclo 09:45 PM | Régimen: RANGE (LOW) | Pos: 0 | Equity: $4,911.53 | DD: -2.0% ---
[2026-03-13 21:46:23]   FIL LONG [TOV-LIVE] VETADO: equity_too_low_for_min_risk ($4911.53)
[2026-03-13 21:47:25] --- Ciclo 09:47 PM | Régimen: RANGE (LOW) | Pos: 0 | Equity: $4,911.53 | DD: -2.0% ---
[2026-03-13 21:48:02]   FIL LONG [TOV-LIVE] VETADO: equity_too_low_for_min_risk ($4911.53)
[2026-03-13 21:49:04] --- Ciclo 09:49 PM | Régimen: RANGE (LOW) | Pos: 0 | Equity: $4,911.53 | DD: -2.0% ---
[2026-03-13 21:49:41]   FIL LONG [TOV-LIVE] VETADO: equity_too_low_for_min_risk ($4911.53)
[2026-03-13 21:50:44] --- Ciclo 09:50 PM | Régimen: RANGE (LOW) | Pos: 0 | Equity: $4,911.53 | DD: -2.0% ---
[2026-03-13 21:51:21]   FIL LONG [TOV-LIVE] VETADO: equity_too_low_for_min_risk ($4911.53)
[2026-03-13 21:52:24] --- Ciclo 09:52 PM | Régimen: RANGE (LOW) | Pos: 0 | Equity: $4,911.53 | DD: -2.0% ---
[2026-03-13 21:52:58]   FIL LONG [TOV-LIVE] VETADO: equity_too_low_for_min_risk ($4911.53)
[2026-03-13 21:54:01] --- Ciclo 09:54 PM | Régimen: RANGE (LOW) | Pos: 0 | Equity: $4,911.53 | DD: -2.0% ---
[2026-03-13 21:54:39]   FIL LONG [TOV-LIVE] VETADO: equity_too_low_for_min_risk ($4911.53)
[2026-03-13 21:55:42] --- Ciclo 09:55 PM | Régimen: RANGE (LOW) | Pos: 0 | Equity: $4,911.53 | DD: -2.0% ---
[2026-03-13 21:56:19]   FIL LONG [TOV-LIVE] VETADO: equity_too_low_for_min_risk ($4911.53)
[2026-03-13 21:57:21] --- Ciclo 09:57 PM | Régimen: RANGE (LOW) | Pos: 0 | Equity: $4,911.53 | DD: -2.0% ---
[2026-03-13 21:57:56]   FIL LONG [TOV-LIVE] VETADO: equity_too_low_for_min_risk ($4911.53)
[2026-03-13 21:58:59] --- Ciclo 09:58 PM | Régimen: RANGE (LOW) | Pos: 0 | Equity: $4,911.53 | DD: -2.0% ---
[2026-03-13 21:59:36]   FIL LONG [TOV-LIVE] VETADO: equity_too_low_for_min_risk ($4911.53)
[2026-03-13 22:00:39] --- Ciclo 10:00 PM | Régimen: RANGE (LOW) | Pos: 0 | Equity: $4,911.53 | DD: -2.0% ---
[2026-03-13 22:01:14]   FIL LONG [TOV-LIVE] VETADO: equity_too_low_for_min_risk ($4911.53)
[2026-03-13 22:02:17] --- Ciclo 10:02 PM | Régimen: RANGE (LOW) | Pos: 0 | Equity: $4,911.53 | DD: -2.0% ---
[2026-03-13 22:02:52]   FIL LONG [TOV-LIVE] VETADO: equity_too_low_for_min_risk ($4911.53)
[2026-03-13 22:03:55] --- Ciclo 10:03 PM | Régimen: RANGE (LOW) | Pos: 0 | Equity: $4,911.53 | DD: -2.0% ---
[2026-03-13 22:04:29]   FIL LONG [TOV-LIVE] VETADO: equity_too_low_for_min_risk ($4911.53)
[2026-03-13 22:05:32] --- Ciclo 10:05 PM | Régimen: RANGE (LOW) | Pos: 0 | Equity: $4,911.53 | DD: -2.0% ---
[2026-03-13 22:06:08]   FIL LONG [TOV-LIVE] VETADO: equity_too_low_for_min_risk ($4911.53)
[2026-03-13 22:07:11] --- Ciclo 10:07 PM | Régimen: RANGE (LOW) | Pos: 0 | Equity: $4,911.53 | DD: -2.0% ---
[2026-03-13 22:07:46]   FIL LONG [TOV-LIVE] VETADO: equity_too_low_for_min_risk ($4911.53)
[2026-03-13 22:08:49] --- Ciclo 10:08 PM | Régimen: RANGE (LOW) | Pos: 0 | Equity: $4,911.53 | DD: -2.0% ---
[2026-03-13 22:09:22]   FIL LONG [TOV-LIVE] VETADO: equity_too_low_for_min_risk ($4911.53)
[2026-03-13 22:10:25] --- Ciclo 10:10 PM | Régimen: RANGE (LOW) | Pos: 0 | Equity: $4,911.53 | DD: -2.0% ---
[2026-03-13 22:11:02]   FIL LONG [TOV-LIVE] VETADO: equity_too_low_for_min_risk ($4911.53)
[2026-03-13 22:12:04] --- Ciclo 10:12 PM | Régimen: RANGE (LOW) | Pos: 0 | Equity: $4,911.53 | DD: -2.0% ---
[2026-03-13 22:12:42]   FIL LONG [TOV-LIVE] VETADO: equity_too_low_for_min_risk ($4911.53)
[2026-03-13 22:13:44] --- Ciclo 10:13 PM | Régimen: RANGE (LOW) | Pos: 0 | Equity: $4,911.53 | DD: -2.0% ---
[2026-03-13 22:14:21]   FIL LONG [TOV-LIVE] VETADO: equity_too_low_for_min_risk ($4911.53)
[2026-03-13 22:15:24] --- Ciclo 10:15 PM | Régimen: RANGE (LOW) | Pos: 0 | Equity: $4,911.53 | DD: -2.0% ---
[2026-03-13 22:16:00]   FIL LONG [TOV-LIVE] VETADO: equity_too_low_for_min_risk ($4911.53)
[2026-03-13 22:17:02] --- Ciclo 10:17 PM | Régimen: RANGE (LOW) | Pos: 0 | Equity: $4,911.53 | DD: -2.0% ---
[2026-03-13 22:17:38]   FIL LONG [TOV-LIVE] VETADO: equity_too_low_for_min_risk ($4911.53)
[2026-03-13 22:18:40] --- Ciclo 10:18 PM | Régimen: RANGE (LOW) | Pos: 0 | Equity: $4,911.53 | DD: -2.0% ---
[2026-03-13 22:19:14]   FIL LONG [TOV-LIVE] VETADO: equity_too_low_for_min_risk ($4911.53)
[2026-03-13 22:20:17] --- Ciclo 10:20 PM | Régimen: RANGE (LOW) | Pos: 0 | Equity: $4,911.53 | DD: -2.0% ---
[2026-03-13 22:20:53]   FIL LONG [TOV-LIVE] VETADO: equity_too_low_for_min_risk ($4911.53)
[2026-03-13 22:21:56] --- Ciclo 10:21 PM | Régimen: RANGE (LOW) | Pos: 0 | Equity: $4,911.53 | DD: -2.0% ---
[2026-03-13 22:22:31]   FIL LONG [TOV-LIVE] VETADO: equity_too_low_for_min_risk ($4911.53)
[2026-03-13 22:23:34] --- Ciclo 10:23 PM | Régimen: RANGE (LOW) | Pos: 0 | Equity: $4,911.53 | DD: -2.0% ---
[2026-03-13 22:24:08]   FIL LONG [TOV-LIVE] VETADO: equity_too_low_for_min_risk ($4911.53)
[2026-03-13 22:25:11] --- Ciclo 10:25 PM | Régimen: RANGE (LOW) | Pos: 0 | Equity: $4,911.53 | DD: -2.0% ---
[2026-03-13 22:25:43]   FIL LONG [TOV-LIVE] VETADO: equity_too_low_for_min_risk ($4911.53)
[2026-03-13 22:26:46] --- Ciclo 10:26 PM | Régimen: RANGE (LOW) | Pos: 0 | Equity: $4,911.53 | DD: -2.0% ---
[2026-03-13 22:27:19]   FIL LONG [TOV-LIVE] VETADO: equity_too_low_for_min_risk ($4911.53)
[2026-03-13 22:28:22] --- Ciclo 10:28 PM | Régimen: RANGE (LOW) | Pos: 0 | Equity: $4,911.53 | DD: -2.0% ---
[2026-03-13 22:28:56]   FIL LONG [TOV-LIVE] VETADO: equity_too_low_for_min_risk ($4911.53)
[2026-03-13 22:29:59] --- Ciclo 10:29 PM | Régimen: RANGE (LOW) | Pos: 0 | Equity: $4,911.53 | DD: -2.0% ---
[2026-03-13 22:31:36] --- Ciclo 10:31 PM | Régimen: RANGE (LOW) | Pos: 0 | Equity: $4,911.53 | DD: -2.0% ---
[2026-03-13 22:33:14] --- Ciclo 10:33 PM | Régimen: RANGE (LOW) | Pos: 0 | Equity: $4,911.53 | DD: -2.0% ---
[2026-03-13 22:34:52] --- Ciclo 10:34 PM | Régimen: RANGE (LOW) | Pos: 0 | Equity: $4,911.53 | DD: -2.0% ---
[2026-03-13 22:36:30] --- Ciclo 10:36 PM | Régimen: RANGE (LOW) | Pos: 0 | Equity: $4,911.53 | DD: -2.0% ---
[2026-03-13 22:38:06] --- Ciclo 10:38 PM | Régimen: RANGE (LOW) | Pos: 0 | Equity: $4,911.53 | DD: -2.0% ---
[2026-03-13 22:39:44] --- Ciclo 10:39 PM | Régimen: RANGE (LOW) | Pos: 0 | Equity: $4,911.53 | DD: -2.0% ---
[2026-03-13 22:41:20] --- Ciclo 10:41 PM | Régimen: RANGE (LOW) | Pos: 0 | Equity: $4,911.53 | DD: -2.0% ---
[2026-03-13 22:42:58] --- Ciclo 10:42 PM | Régimen: RANGE (LOW) | Pos: 0 | Equity: $4,911.53 | DD: -2.0% ---
[2026-03-13 22:44:36] --- Ciclo 10:44 PM | Régimen: RANGE (LOW) | Pos: 0 | Equity: $4,911.53 | DD: -2.0% ---
[2026-03-13 22:46:12] --- Ciclo 10:46 PM | Régimen: RANGE (LOW) | Pos: 0 | Equity: $4,911.53 | DD: -2.0% ---
[2026-03-13 22:46:46]   NEAR SHORT [TOV-LIVE] VETADO: equity_too_low_for_min_risk ($4911.53)
[2026-03-13 22:47:50] --- Ciclo 10:47 PM | Régimen: RANGE (LOW) | Pos: 0 | Equity: $4,911.53 | DD: -2.0% ---
[2026-03-13 22:48:25]   NEAR SHORT [TOV-LIVE] VETADO: equity_too_low_for_min_risk ($4911.53)
[2026-03-13 22:49:29] --- Ciclo 10:49 PM | Régimen: RANGE (LOW) | Pos: 0 | Equity: $4,911.53 | DD: -2.0% ---
[2026-03-13 22:50:02]   NEAR SHORT [TOV-LIVE] VETADO: equity_too_low_for_min_risk ($4911.53)
[2026-03-13 22:51:06] --- Ciclo 10:51 PM | Régimen: RANGE (LOW) | Pos: 0 | Equity: $4,911.53 | DD: -2.0% ---
[2026-03-13 22:51:41]   NEAR SHORT [TOV-LIVE] VETADO: equity_too_low_for_min_risk ($4911.53)
[2026-03-13 22:52:44] --- Ciclo 10:52 PM | Régimen: RANGE (LOW) | Pos: 0 | Equity: $4,911.53 | DD: -2.0% ---
[2026-03-13 22:53:18]   NEAR SHORT [TOV-LIVE] VETADO: equity_too_low_for_min_risk ($4911.53)
[2026-03-13 22:54:22] --- Ciclo 10:54 PM | Régimen: RANGE (LOW) | Pos: 0 | Equity: $4,911.53 | DD: -2.0% ---
[2026-03-13 22:54:55]   NEAR SHORT [TOV-LIVE] VETADO: equity_too_low_for_min_risk ($4911.53)
[2026-03-13 22:55:59] --- Ciclo 10:55 PM | Régimen: RANGE (LOW) | Pos: 0 | Equity: $4,911.53 | DD: -2.0% ---
[2026-03-13 22:56:32]   NEAR SHORT [TOV-LIVE] VETADO: equity_too_low_for_min_risk ($4911.53)
[2026-03-13 22:57:35] --- Ciclo 10:57 PM | Régimen: RANGE (LOW) | Pos: 0 | Equity: $4,911.53 | DD: -2.0% ---
[2026-03-13 22:58:09]   NEAR SHORT [TOV-LIVE] VETADO: equity_too_low_for_min_risk ($4911.53)
[2026-03-13 22:59:13] --- Ciclo 10:59 PM | Régimen: RANGE (LOW) | Pos: 0 | Equity: $4,911.53 | DD: -2.0% ---
[2026-03-13 22:59:47]   NEAR SHORT [TOV-LIVE] VETADO: equity_too_low_for_min_risk ($4911.53)
[2026-03-13 23:00:51] --- Ciclo 11:00 PM | Régimen: RANGE (LOW) | Pos: 0 | Equity: $4,911.53 | DD: -2.0% ---
[2026-03-13 23:01:24]   NEAR SHORT [TOV-LIVE] VETADO: equity_too_low_for_min_risk ($4911.53)
[2026-03-13 23:01:25]   WLD SHORT [TOV-LIVE] VETADO: equity_too_low_for_min_risk ($4911.53)
[2026-03-13 23:02:27] --- Ciclo 11:02 PM | Régimen: RANGE (LOW) | Pos: 0 | Equity: $4,911.53 | DD: -2.0% ---
[2026-03-13 23:03:00]   NEAR SHORT [TOV-LIVE] VETADO: equity_too_low_for_min_risk ($4911.53)
[2026-03-13 23:03:02]   WLD SHORT [TOV-LIVE] VETADO: equity_too_low_for_min_risk ($4911.53)
[2026-03-13 23:04:04] --- Ciclo 11:04 PM | Régimen: RANGE (LOW) | Pos: 0 | Equity: $4,911.53 | DD: -2.0% ---
[2026-03-13 23:04:36]   NEAR SHORT [TOV-LIVE] VETADO: equity_too_low_for_min_risk ($4911.53)
[2026-03-13 23:04:38]   WLD SHORT [TOV-LIVE] VETADO: equity_too_low_for_min_risk ($4911.53)
[2026-03-13 23:05:40] --- Ciclo 11:05 PM | Régimen: RANGE (LOW) | Pos: 0 | Equity: $4,911.53 | DD: -2.0% ---
[2026-03-13 23:06:13]   NEAR SHORT [TOV-LIVE] VETADO: equity_too_low_for_min_risk ($4911.53)
[2026-03-13 23:06:15]   WLD SHORT [TOV-LIVE] VETADO: equity_too_low_for_min_risk ($4911.53)
[2026-03-13 23:07:17] --- Ciclo 11:07 PM | Régimen: RANGE (LOW) | Pos: 0 | Equity: $4,911.53 | DD: -2.0% ---
[2026-03-13 23:07:52]   NEAR SHORT [TOV-LIVE] VETADO: equity_too_low_for_min_risk ($4911.53)
[2026-03-13 23:07:53]   WLD SHORT [TOV-LIVE] VETADO: equity_too_low_for_min_risk ($4911.53)
[2026-03-13 23:08:55] --- Ciclo 11:08 PM | Régimen: RANGE (LOW) | Pos: 0 | Equity: $4,911.53 | DD: -2.0% ---
[2026-03-13 23:09:29]   NEAR SHORT [TOV-LIVE] VETADO: equity_too_low_for_min_risk ($4911.53)
[2026-03-13 23:09:31]   WLD SHORT [TOV-LIVE] VETADO: equity_too_low_for_min_risk ($4911.53)
[2026-03-13 23:10:33] --- Ciclo 11:10 PM | Régimen: RANGE (LOW) | Pos: 0 | Equity: $4,911.53 | DD: -2.0% ---
[2026-03-13 23:11:07]   NEAR SHORT [TOV-LIVE] VETADO: equity_too_low_for_min_risk ($4911.53)
[2026-03-13 23:11:08]   WLD SHORT [TOV-LIVE] VETADO: equity_too_low_for_min_risk ($4911.53)
[2026-03-13 23:12:10] --- Ciclo 11:12 PM | Régimen: RANGE (LOW) | Pos: 0 | Equity: $4,911.53 | DD: -2.0% ---
[2026-03-13 23:12:44]   NEAR SHORT [TOV-LIVE] VETADO: equity_too_low_for_min_risk ($4911.53)
[2026-03-13 23:12:46]   WLD SHORT [TOV-LIVE] VETADO: equity_too_low_for_min_risk ($4911.53)
[2026-03-13 23:13:48] --- Ciclo 11:13 PM | Régimen: RANGE (LOW) | Pos: 0 | Equity: $4,911.53 | DD: -2.0% ---
[2026-03-13 23:14:22]   NEAR SHORT [TOV-LIVE] VETADO: equity_too_low_for_min_risk ($4911.53)
[2026-03-13 23:14:24]   WLD SHORT [TOV-LIVE] VETADO: equity_too_low_for_min_risk ($4911.53)
[2026-03-13 23:15:26] --- Ciclo 11:15 PM | Régimen: RANGE (LOW) | Pos: 0 | Equity: $4,911.53 | DD: -2.0% ---
[2026-03-13 23:16:00]   NEAR SHORT [TOV-LIVE] VETADO: equity_too_low_for_min_risk ($4911.53)
[2026-03-13 23:16:01]   WLD SHORT [TOV-LIVE] VETADO: equity_too_low_for_min_risk ($4911.53)
[2026-03-13 23:17:04] --- Ciclo 11:17 PM | Régimen: RANGE (LOW) | Pos: 0 | Equity: $4,911.53 | DD: -2.0% ---
[2026-03-13 23:17:39]   NEAR SHORT [TOV-LIVE] VETADO: equity_too_low_for_min_risk ($4911.53)
[2026-03-13 23:17:41]   WLD SHORT [TOV-LIVE] VETADO: equity_too_low_for_min_risk ($4911.53)
[2026-03-13 23:18:43] --- Ciclo 11:18 PM | Régimen: RANGE (LOW) | Pos: 0 | Equity: $4,911.53 | DD: -2.0% ---
[2026-03-13 23:19:17]   NEAR SHORT [TOV-LIVE] VETADO: equity_too_low_for_min_risk ($4911.53)
[2026-03-13 23:19:19]   WLD SHORT [TOV-LIVE] VETADO: equity_too_low_for_min_risk ($4911.53)
[2026-03-13 23:20:21] --- Ciclo 11:20 PM | Régimen: RANGE (LOW) | Pos: 0 | Equity: $4,911.53 | DD: -2.0% ---
[2026-03-13 23:20:55]   NEAR SHORT [TOV-LIVE] VETADO: equity_too_low_for_min_risk ($4911.53)
[2026-03-13 23:20:57]   WLD SHORT [TOV-LIVE] VETADO: equity_too_low_for_min_risk ($4911.53)
[2026-03-13 23:21:58] --- Ciclo 11:21 PM | Régimen: RANGE (LOW) | Pos: 0 | Equity: $4,911.53 | DD: -2.0% ---
[2026-03-13 23:22:34]   NEAR SHORT [TOV-LIVE] VETADO: equity_too_low_for_min_risk ($4911.53)
[2026-03-13 23:22:36]   WLD SHORT [TOV-LIVE] VETADO: equity_too_low_for_min_risk ($4911.53)
[2026-03-13 23:23:38] --- Ciclo 11:23 PM | Régimen: RANGE (LOW) | Pos: 0 | Equity: $4,911.53 | DD: -2.0% ---
[2026-03-13 23:24:14]   NEAR SHORT [TOV-LIVE] VETADO: equity_too_low_for_min_risk ($4911.53)
[2026-03-13 23:24:15]   WLD SHORT [TOV-LIVE] VETADO: equity_too_low_for_min_risk ($4911.53)
[2026-03-13 23:25:17] --- Ciclo 11:25 PM | Régimen: RANGE (LOW) | Pos: 0 | Equity: $4,911.53 | DD: -2.0% ---
[2026-03-13 23:25:51]   NEAR SHORT [TOV-LIVE] VETADO: equity_too_low_for_min_risk ($4911.53)
[2026-03-13 23:25:53]   WLD SHORT [TOV-LIVE] VETADO: equity_too_low_for_min_risk ($4911.53)
[2026-03-13 23:26:55] --- Ciclo 11:26 PM | Régimen: RANGE (LOW) | Pos: 0 | Equity: $4,911.53 | DD: -2.0% ---
[2026-03-13 23:27:30]   NEAR SHORT [TOV-LIVE] VETADO: equity_too_low_for_min_risk ($4911.53)
[2026-03-13 23:27:31]   WLD SHORT [TOV-LIVE] VETADO: equity_too_low_for_min_risk ($4911.53)
[2026-03-13 23:28:34] --- Ciclo 11:28 PM | Régimen: RANGE (LOW) | Pos: 0 | Equity: $4,911.53 | DD: -2.0% ---
[2026-03-13 23:29:08]   NEAR SHORT [TOV-LIVE] VETADO: equity_too_low_for_min_risk ($4911.53)
[2026-03-13 23:29:09]   WLD SHORT [TOV-LIVE] VETADO: equity_too_low_for_min_risk ($4911.53)
[2026-03-13 23:30:11] --- Ciclo 11:30 PM | Régimen: RANGE (LOW) | Pos: 0 | Equity: $4,911.53 | DD: -2.0% ---
[2026-03-13 23:30:44]   DOGE SHORT [TOV-LIVE] VETADO: equity_too_low_for_min_risk ($4911.53)
[2026-03-13 23:30:45]   SUI SHORT [TOV-LIVE] VETADO: equity_too_low_for_min_risk ($4911.53)
[2026-03-13 23:30:46]   NEAR SHORT [TOV-LIVE] VETADO: equity_too_low_for_min_risk ($4911.53)
[2026-03-13 23:30:47]   WLD SHORT [TOV-LIVE] VETADO: equity_too_low_for_min_risk ($4911.53)
[2026-03-13 23:31:33] Señal de parada recibida...
[2026-03-13 23:31:34] Director detenido. Equity: $4,911.53
